brand_hybrid,Yield,Location
AgriGold-A6408VT3PRIB,223.541,"DeKalb, Illinois"
AgriGold-A6408VT3PRIB,244.4754,"Erie, Illinois"
AgriGold-A6408VT3PRIB,221.4666,"Mt.Morris, Illinois"
AgriGold-A6416STXRIB,221.4092,"DeKalb, Illinois"
AgriGold-A6416STXRIB,266.9804,"Erie, Illinois"
AgriGold-A6416STXRIB,235.1366,"Mt.Morris, Illinois"
AgriGold-A6442STXRIB,229.2138,"DeKalb, Illinois"
AgriGold-A6442STXRIB,261.0302,"Erie, Illinois"
AgriGold-A6442STXRIB,226.38,"Mt.Morris, Illinois"
AgriGold-A6442STXRIB,223.1972,"Belleville, Illinois"
AgriGold-A6442STXRIB,211.131,"St.Peter, Illinois"
AgriGold-A6442STXRIB,252.4938,"Monmouth, Illinois"
AgriGold-A6442STXRIB,239.6879,"Perry, Illinois"
AgriGold-A6462STX,263.9848,"Dwight, Illinois"
AgriGold-A6462STX,267.2831,"Goodfield, Illinois"
AgriGold-A6462STX,254.1333,"Urbana, Illinois"
AgriGold-A6462STX,219.1585,"DeKalb, Illinois"
AgriGold-A6462STX,258.2374,"Erie, Illinois"
AgriGold-A6462STX,221.4602,"Mt.Morris, Illinois"
AgriGold-A6462STX,254.0839,"Monmouth, Illinois"
AgriGold-A6462STX,215.026,"Perry, Illinois"
AgriGold-A6472VT3PRIB,246.0425,"Dwight, Illinois"
AgriGold-A6472VT3PRIB,265.2037,"Goodfield, Illinois"
AgriGold-A6472VT3PRIB,241.7439,"Urbana, Illinois"
AgriGold-A6472VT3PRIB,230.103,"Belleville, Illinois"
AgriGold-A6472VT3PRIB,194.3217,"St.Peter, Illinois"
AgriGold-A6472VT3PRIB,241.9718,"Monmouth, Illinois"
AgriGold-A6472VT3PRIB,243.2758,"Perry, Illinois"
AgriGold-A6492STX,245.9231,"Dwight, Illinois"
AgriGold-A6492STX,260.2595,"Goodfield, Illinois"
AgriGold-A6492STX,247.5383,"Urbana, Illinois"
AgriGold-A6499STXRIB,265.247,"Dwight, Illinois"
AgriGold-A6499STXRIB,266.1967,"Goodfield, Illinois"
AgriGold-A6499STXRIB,254.5721,"Urbana, Illinois"
AgriGold-A6499STXRIB,223.9404,"DeKalb, Illinois"
AgriGold-A6499STXRIB,257.3897,"Erie, Illinois"
AgriGold-A6499STXRIB,218.915,"Mt.Morris, Illinois"
AgriGold-A6499STXRIB,248.4956,"Belleville, Illinois"
AgriGold-A6499STXRIB,193.4297,"St.Peter, Illinois"
AgriGold-A6499STXRIB,261.0886,"Monmouth, Illinois"
AgriGold-A6499STXRIB,250.2135,"Perry, Illinois"
AgriGold-A6533VT3PRIB,253.7264,"Dwight, Illinois"
AgriGold-A6533VT3PRIB,264.9705,"Goodfield, Illinois"
AgriGold-A6533VT3PRIB,243.1878,"Urbana, Illinois"
AgriGold-A6533VT3PRIB,227.0549,"DeKalb, Illinois"
AgriGold-A6533VT3PRIB,257.7478,"Erie, Illinois"
AgriGold-A6533VT3PRIB,213.7378,"Mt.Morris, Illinois"
AgriGold-A6533VT3PRIB,249.4197,"Belleville, Illinois"
AgriGold-A6533VT3PRIB,200.4044,"St.Peter, Illinois"
AgriGold-A6533VT3PRIB,246.3719,"Monmouth, Illinois"
AgriGold-A6533VT3PRIB,236.5026,"Perry, Illinois"
AgriGold-A6559STXRIB,248.5854,"Dwight, Illinois"
AgriGold-A6559STXRIB,260.7873,"Goodfield, Illinois"
AgriGold-A6559STXRIB,249.8559,"Urbana, Illinois"
AgriGold-A6559STXRIB,225.3753,"DeKalb, Illinois"
AgriGold-A6559STXRIB,244.2241,"Erie, Illinois"
AgriGold-A6559STXRIB,232.0982,"Mt.Morris, Illinois"
AgriGold-A6559STXRIB,247.0479,"Belleville, Illinois"
AgriGold-A6559STXRIB,184.7361,"St.Peter, Illinois"
AgriGold-A6559STXRIB,247.1647,"Monmouth, Illinois"
AgriGold-A6559STXRIB,239.9116,"Perry, Illinois"
AgriGold-A6659VT3PRIB,264.483,"Belleville, Illinois"
AgriGold-A6659VT3PRIB,185.0507,"St.Peter, Illinois"
Beck-5852D2,230.5056,"DeKalb, Illinois"
Beck-5852D2,231.8611,"Erie, Illinois"
Beck-5852D2,215.6391,"Mt.Morris, Illinois"
Beck-6347VR,246.2876,"Belleville, Illinois"
Beck-6347VR,199.6918,"St.Peter, Illinois"
Beck-XL 5131AMXT™*,228.8324,"DeKalb, Illinois"
Beck-XL 5131AMXT™*,258.2157,"Erie, Illinois"
Beck-XL 5131AMXT™*,236.6019,"Mt.Morris, Illinois"
Beck-XL 5475AMXT™*,251.7535,"Dwight, Illinois"
Beck-XL 5475AMXT™*,252.3043,"Goodfield, Illinois"
Beck-XL 5475AMXT™*,234.6005,"Urbana, Illinois"
Beck-XL 5475AMXT™*,226.1027,"Monmouth, Illinois"
Beck-XL 5475AMXT™*,232.1758,"Perry, Illinois"
Beck-XL 5828AM™*,249.4781,"Belleville, Illinois"
Beck-XL 5828AM™*,211.3521,"St.Peter, Illinois"
Beck-XL 5828AMX™*,268.5754,"Dwight, Illinois"
Beck-XL 5828AMX™*,282.8604,"Goodfield, Illinois"
Beck-XL 5828AMX™*,249.8567,"Urbana, Illinois"
Beck-XL 5828AMX™*,243.026,"DeKalb, Illinois"
Beck-XL 5828AMX™*,282.1171,"Erie, Illinois"
Beck-XL 5828AMX™*,253.2898,"Mt.Morris, Illinois"
Beck-XL 5828AMX™*,251.5497,"Monmouth, Illinois"
Beck-XL 5828AMX™*,253.287,"Perry, Illinois"
Beck-XL 5939AMXT™*,261.9046,"Dwight, Illinois"
Beck-XL 5939AMXT™*,263.6884,"Goodfield, Illinois"
Beck-XL 5939AMXT™*,248.1029,"Urbana, Illinois"
Beck-XL 5939AMXT™*,235.7931,"DeKalb, Illinois"
Beck-XL 5939AMXT™*,262.7754,"Erie, Illinois"
Beck-XL 5939AMXT™*,229.4826,"Mt.Morris, Illinois"
Beck-XL 5939AMXT™*,236.7066,"Belleville, Illinois"
Beck-XL 5939AMXT™*,194.0455,"St.Peter, Illinois"
Beck-XL 5939AMXT™*,246.5435,"Monmouth, Illinois"
Beck-XL 5939AMXT™*,236.1786,"Perry, Illinois"
Beck-XL 6175AM™*,241.418,"Belleville, Illinois"
Beck-XL 6175AM™*,199.379,"St.Peter, Illinois"
Beck-XL 6175AMXT™*,251.334,"Dwight, Illinois"
Beck-XL 6175AMXT™*,259.8487,"Goodfield, Illinois"
Beck-XL 6175AMXT™*,248.1348,"Urbana, Illinois"
Beck-XL 6175AMXT™*,238.2197,"DeKalb, Illinois"
Beck-XL 6175AMXT™*,240.8571,"Erie, Illinois"
Beck-XL 6175AMXT™*,225.6995,"Mt.Morris, Illinois"
Beck-XL 6175AMXT™*,248.1567,"Monmouth, Illinois"
Beck-XL 6175AMXT™*,247.1062,"Perry, Illinois"
Beck-XL 6272AM™*,242.4392,"Belleville, Illinois"
Beck-XL 6272AM™*,184.2565,"St.Peter, Illinois"
Beck-XL 6365AMX™*,264.9174,"Dwight, Illinois"
Beck-XL 6365AMX™*,280.0428,"Goodfield, Illinois"
Beck-XL 6365AMX™*,275.0958,"Urbana, Illinois"
Beck-XL 6365AMX™*,240.4902,"DeKalb, Illinois"
Beck-XL 6365AMX™*,250.4972,"Erie, Illinois"
Beck-XL 6365AMX™*,236.7107,"Mt.Morris, Illinois"
Beck-XL 6365AMX™*,266.3214,"Belleville, Illinois"
Beck-XL 6365AMX™*,201.9531,"St.Peter, Illinois"
Beck-XL 6365AMX™*,271.5821,"Monmouth, Illinois"
Beck-XL 6365AMX™*,243.0624,"Perry, Illinois"
Beck-XL 6626AM™*,249.4682,"Belleville, Illinois"
Beck-XL 6626AM™*,195.351,"St.Peter, Illinois"
Burrus-6T54 3000GT,256.9834,"Dwight, Illinois"
Burrus-6T54 3000GT,270.1537,"Goodfield, Illinois"
Burrus-6T54 3000GT,255.7221,"Urbana, Illinois"
Burrus-6T54 3000GT,219.7663,"DeKalb, Illinois"
Burrus-6T54 3000GT,265.6161,"Erie, Illinois"
Burrus-6T54 3000GT,236.1038,"Mt.Morris, Illinois"
Burrus-6T54 3000GT,244.9105,"Belleville, Illinois"
Burrus-6T54 3000GT,182.5723,"St.Peter, Illinois"
Burrus-6T54 3000GT,243.1357,"Monmouth, Illinois"
Burrus-6T54 3000GT,237.0389,"Perry, Illinois"
Burrus-XP 5008 3122,224.2101,"DeKalb, Illinois"
Burrus-XP 5008 3122,252.4698,"Erie, Illinois"
Burrus-XP 5008 3122,214.0307,"Mt.Morris, Illinois"
Catalyst-4685 3111,234.4497,"Dwight, Illinois"
Catalyst-4685 3111,250.5279,"Goodfield, Illinois"
Catalyst-4685 3111,229.7506,"Urbana, Illinois"
Catalyst-4685 3111,213.4945,"DeKalb, Illinois"
Catalyst-4685 3111,247.057,"Erie, Illinois"
Catalyst-4685 3111,217.4196,"Mt.Morris, Illinois"
Catalyst-4685 3111,224.7791,"Monmouth, Illinois"
Catalyst-4685 3111,218.7243,"Perry, Illinois"
Catalyst-7893 3111,242.1717,"Dwight, Illinois"
Catalyst-7893 3111,264.4744,"Goodfield, Illinois"
Catalyst-7893 3111,251.6588,"Urbana, Illinois"
Catalyst-7893 3111,238.7735,"Belleville, Illinois"
Catalyst-7893 3111,197.1937,"St.Peter, Illinois"
Catalyst-7893 3111,232.812,"Monmouth, Illinois"
Catalyst-7893 3111,223.5122,"Perry, Illinois"
Channel-202-64STXRIB,223.5236,"DeKalb, Illinois"
Channel-202-64STXRIB,229.3872,"Erie, Illinois"
Channel-202-64STXRIB,222.0087,"Mt.Morris, Illinois"
Channel-209-51VT2PRIB,227.4873,"Belleville, Illinois"
Channel-209-51VT2PRIB,184.9827,"St.Peter, Illinois"
Channel-209-53STXRIB,254.1388,"Dwight, Illinois"
Channel-209-53STXRIB,266.6847,"Goodfield, Illinois"
Channel-209-53STXRIB,256.7988,"Urbana, Illinois"
Channel-209-53STXRIB,241.6468,"DeKalb, Illinois"
Channel-209-53STXRIB,254.1464,"Erie, Illinois"
Channel-209-53STXRIB,226.9161,"Mt.Morris, Illinois"
Channel-209-53STXRIB,257.4226,"Monmouth, Illinois"
Channel-209-53STXRIB,256.1269,"Perry, Illinois"
Channel-211-24STXRIB,236.9948,"Dwight, Illinois"
Channel-211-24STXRIB,264.93,"Goodfield, Illinois"
Channel-211-24STXRIB,248.8544,"Urbana, Illinois"
Channel-211-24STXRIB,244.074,"DeKalb, Illinois"
Channel-211-24STXRIB,239.3149,"Erie, Illinois"
Channel-211-24STXRIB,224.5252,"Mt.Morris, Illinois"
Channel-211-24STXRIB,240.9576,"Monmouth, Illinois"
Channel-211-24STXRIB,242.5554,"Perry, Illinois"
Channel-213-57VT2PRIB,248.7458,"Belleville, Illinois"
Channel-213-57VT2PRIB,204.7775,"St.Peter, Illinois"
Channel-213-59STXRIB,269.5556,"Dwight, Illinois"
Channel-213-59STXRIB,265.7485,"Goodfield, Illinois"
Channel-213-59STXRIB,230.9167,"Urbana, Illinois"
Channel-213-59STXRIB,249.5221,"Monmouth, Illinois"
Channel-213-59STXRIB,238.4029,"Perry, Illinois"
Channel-215-83STXRIB,247.6334,"Dwight, Illinois"
Channel-215-83STXRIB,263.4614,"Goodfield, Illinois"
Channel-215-83STXRIB,234.2308,"Urbana, Illinois"
Channel-215-83STXRIB,253.3017,"Monmouth, Illinois"
Channel-215-83STXRIB,232.9427,"Perry, Illinois"
Channel-217-41DGVT2PRIB,242.89,"Belleville, Illinois"
Channel-217-41DGVT2PRIB,213.2727,"St.Peter, Illinois"
Cornelius-C574SS,237.5566,"DeKalb, Illinois"
Cornelius-C574SS,261.9697,"Erie, Illinois"
Cornelius-C574SS,233.0348,"Mt.Morris, Illinois"
Cornelius-C576SS,235.4216,"DeKalb, Illinois"
Cornelius-C576SS,253.4368,"Erie, Illinois"
Cornelius-C576SS,238.0128,"Mt.Morris, Illinois"
Cornelius-C594VT3P,224.5753,"DeKalb, Illinois"
Cornelius-C594VT3P,243.7024,"Erie, Illinois"
Cornelius-C594VT3P,233.5835,"Mt.Morris, Illinois"
Cornelius-C602SS,234.4334,"DeKalb, Illinois"
Cornelius-C602SS,270.6275,"Erie, Illinois"
Cornelius-C602SS,234.9959,"Mt.Morris, Illinois"
Cornelius-C621SS,243.4373,"DeKalb, Illinois"
Cornelius-C621SS,264.8663,"Erie, Illinois"
Cornelius-C621SS,225.8937,"Mt.Morris, Illinois"
Cornelius-C655-3000GT,222.7285,"DeKalb, Illinois"
Cornelius-C655-3000GT,249.087,"Erie, Illinois"
Cornelius-C655-3000GT,201.3513,"Mt.Morris, Illinois"
Cornelius-C733SS,232.9924,"DeKalb, Illinois"
Cornelius-C733SS,253.1858,"Erie, Illinois"
Cornelius-C733SS,204.7703,"Mt.Morris, Illinois"
Cornelius-C744SS,234.9544,"DeKalb, Illinois"
Cornelius-C744SS,258.8755,"Erie, Illinois"
Cornelius-C744SS,239.0327,"Mt.Morris, Illinois"
Dairyland-DS-6409,248.3127,"Belleville, Illinois"
Dairyland-DS-6409,184.0458,"St.Peter, Illinois"
Dairyland-DS-9212RA,247.4153,"Belleville, Illinois"
Dairyland-DS-9212RA,187.3243,"St.Peter, Illinois"
Dairyland-DS-9311RA,237.2098,"Belleville, Illinois"
Dairyland-DS-9311RA,203.0648,"St.Peter, Illinois"
Dairyland-DS-9314RA,234.9851,"Belleville, Illinois"
Dairyland-DS-9314RA,201.7025,"St.Peter, Illinois"
Dairyland-DS-9610,244.9285,"Belleville, Illinois"
Dairyland-DS-9610,208.2702,"St.Peter, Illinois"
Dairyland-DS-9713RA,249.9988,"Belleville, Illinois"
Dairyland-DS-9713RA,194.2677,"St.Peter, Illinois"
DeKalb-DKC60-67RIB,249.6787,"Dwight, Illinois"
DeKalb-DKC60-67RIB,262.114,"Goodfield, Illinois"
DeKalb-DKC60-67RIB,244.8487,"Urbana, Illinois"
DeKalb-DKC60-67RIB,251.9776,"DeKalb, Illinois"
DeKalb-DKC60-67RIB,267.5386,"Erie, Illinois"
DeKalb-DKC60-67RIB,240.9389,"Mt.Morris, Illinois"
DeKalb-DKC60-67RIB,247.3956,"Monmouth, Illinois"
DeKalb-DKC60-67RIB,235.6722,"Perry, Illinois"
DeKalb-DKC61-54RIB,261.5504,"Dwight, Illinois"
DeKalb-DKC61-54RIB,263.8855,"Goodfield, Illinois"
DeKalb-DKC61-54RIB,245.2933,"Urbana, Illinois"
DeKalb-DKC61-54RIB,250.2647,"Monmouth, Illinois"
DeKalb-DKC61-54RIB,244.8493,"Perry, Illinois"
DeKalb-DKC62-08RIB,251.0627,"Dwight, Illinois"
DeKalb-DKC62-08RIB,239.7451,"Goodfield, Illinois"
DeKalb-DKC62-08RIB,233.0412,"Urbana, Illinois"
DeKalb-DKC62-08RIB,215.2567,"DeKalb, Illinois"
DeKalb-DKC62-08RIB,252.2803,"Erie, Illinois"
DeKalb-DKC62-08RIB,224.8103,"Mt.Morris, Illinois"
DeKalb-DKC62-08RIB,257.6717,"Belleville, Illinois"
DeKalb-DKC62-08RIB,205.1688,"St.Peter, Illinois"
DeKalb-DKC62-08RIB,231.0563,"Monmouth, Illinois"
DeKalb-DKC62-08RIB,233.0362,"Perry, Illinois"
DeKalb-DKC62-77RIB,255.9262,"Dwight, Illinois"
DeKalb-DKC62-77RIB,271.5546,"Goodfield, Illinois"
DeKalb-DKC62-77RIB,258.6021,"Urbana, Illinois"
DeKalb-DKC62-77RIB,230.9688,"DeKalb, Illinois"
DeKalb-DKC62-77RIB,259.3394,"Erie, Illinois"
DeKalb-DKC62-77RIB,215.3562,"Mt.Morris, Illinois"
DeKalb-DKC62-77RIB,249.5656,"Monmouth, Illinois"
DeKalb-DKC62-77RIB,241.9721,"Perry, Illinois"
DeKalb-DKC62-98RIB,234.6354,"Belleville, Illinois"
DeKalb-DKC62-98RIB,203.3747,"St.Peter, Illinois"
DeKalb-DKC63-33RIB,260.614,"Dwight, Illinois"
DeKalb-DKC63-33RIB,267.4877,"Goodfield, Illinois"
DeKalb-DKC63-33RIB,246.5644,"Urbana, Illinois"
DeKalb-DKC63-33RIB,242.1251,"DeKalb, Illinois"
DeKalb-DKC63-33RIB,271.6832,"Erie, Illinois"
DeKalb-DKC63-33RIB,232.827,"Mt.Morris, Illinois"
DeKalb-DKC63-33RIB,246.8625,"Monmouth, Illinois"
DeKalb-DKC63-33RIB,225.3092,"Perry, Illinois"
DeKalb-DKC63-35RIB,253.1412,"Belleville, Illinois"
DeKalb-DKC63-35RIB,204.4313,"St.Peter, Illinois"
DeKalb-DKC64-87RIB,261.7486,"Dwight, Illinois"
DeKalb-DKC64-87RIB,279.8389,"Goodfield, Illinois"
DeKalb-DKC64-87RIB,252.8836,"Urbana, Illinois"
DeKalb-DKC64-87RIB,233.3764,"DeKalb, Illinois"
DeKalb-DKC64-87RIB,261.4967,"Erie, Illinois"
DeKalb-DKC64-87RIB,240.8021,"Mt.Morris, Illinois"
DeKalb-DKC64-87RIB,262.2191,"Monmouth, Illinois"
DeKalb-DKC64-87RIB,255.017,"Perry, Illinois"
DeKalb-DKC64-89RIB,248.8111,"Belleville, Illinois"
DeKalb-DKC64-89RIB,196.1691,"St.Peter, Illinois"
DeKalb-DKC65-19RIB,257.4392,"Belleville, Illinois"
DeKalb-DKC65-19RIB,184.5598,"St.Peter, Illinois"
DeKalb-DKC66-40RIB,267.9195,"Dwight, Illinois"
DeKalb-DKC66-40RIB,260.4709,"Goodfield, Illinois"
DeKalb-DKC66-40RIB,258.4408,"Urbana, Illinois"
DeKalb-DKC66-40RIB,258.3054,"Belleville, Illinois"
DeKalb-DKC66-40RIB,189.3077,"St.Peter, Illinois"
DeKalb-DKC66-40RIB,265.2684,"Monmouth, Illinois"
DeKalb-DKC66-40RIB,252.9612,"Perry, Illinois"
DeKalb-DKC67-58RIB,248.3462,"Belleville, Illinois"
DeKalb-DKC67-58RIB,184.9478,"St.Peter, Illinois"
DeKalb-DKC69-29,245.9796,"Belleville, Illinois"
DeKalb-DKC69-29,198.0023,"St.Peter, Illinois"
Dyna-Gro-D46SS46,245.6399,"DeKalb, Illinois"
Dyna-Gro-D46SS46,253.7013,"Erie, Illinois"
Dyna-Gro-D46SS46,231.1832,"Mt.Morris, Illinois"
Dyna-Gro-D48SS38,232.6574,"DeKalb, Illinois"
Dyna-Gro-D48SS38,271.1548,"Erie, Illinois"
Dyna-Gro-D48SS38,251.9103,"Mt.Morris, Illinois"
Dyna-Gro-D50SS43,239.654,"Dwight, Illinois"
Dyna-Gro-D50SS43,261.1302,"Goodfield, Illinois"
Dyna-Gro-D50SS43,234.7307,"Urbana, Illinois"
Dyna-Gro-D50SS43,235.5098,"DeKalb, Illinois"
Dyna-Gro-D50SS43,253.6963,"Erie, Illinois"
Dyna-Gro-D50SS43,220.1808,"Mt.Morris, Illinois"
Dyna-Gro-D50SS43,245.366,"Monmouth, Illinois"
Dyna-Gro-D50SS43,239.1138,"Perry, Illinois"
Dyna-Gro-D50VC43,230.8187,"Belleville, Illinois"
Dyna-Gro-D50VC43,196.4033,"St.Peter, Illinois"
Dyna-Gro-D51VP32,238.093,"Dwight, Illinois"
Dyna-Gro-D51VP32,269.59,"Goodfield, Illinois"
Dyna-Gro-D51VP32,246.7417,"Urbana, Illinois"
Dyna-Gro-D51VP32,238.7081,"Monmouth, Illinois"
Dyna-Gro-D51VP32,232.2023,"Perry, Illinois"
Dyna-Gro-D52SS91,252.9379,"Dwight, Illinois"
Dyna-Gro-D52SS91,266.0955,"Goodfield, Illinois"
Dyna-Gro-D52SS91,255.6724,"Urbana, Illinois"
Dyna-Gro-D52SS91,248.7285,"Monmouth, Illinois"
Dyna-Gro-D52SS91,239.1668,"Perry, Illinois"
Dyna-Gro-D52VC91,244.1908,"Belleville, Illinois"
Dyna-Gro-D52VC91,176.0238,"St.Peter, Illinois"
Dyna-Gro-D55VP77,253.7167,"Belleville, Illinois"
Dyna-Gro-D55VP77,200.1041,"St.Peter, Illinois"
Hughes-5456 3000GT,239.2636,"DeKalb, Illinois"
Hughes-5456 3000GT,253.1598,"Erie, Illinois"
Hughes-5456 3000GT,235.3722,"Mt.Morris, Illinois"
InVISION-FS 54ZX1 RIB,225.7276,"DeKalb, Illinois"
InVISION-FS 54ZX1 RIB,240.0041,"Erie, Illinois"
InVISION-FS 54ZX1 RIB,217.7002,"Mt.Morris, Illinois"
InVISION-FS 56VX1 RIB,243.4083,"DeKalb, Illinois"
InVISION-FS 56VX1 RIB,251.7626,"Erie, Illinois"
InVISION-FS 56VX1 RIB,233.8692,"Mt.Morris, Illinois"
InVISION-FS 57QX1 RIB,229.9603,"DeKalb, Illinois"
InVISION-FS 57QX1 RIB,259.0386,"Erie, Illinois"
InVISION-FS 57QX1 RIB,231.9286,"Mt.Morris, Illinois"
InVISION-FS 60ZX1 RIB,249.4995,"Dwight, Illinois"
InVISION-FS 60ZX1 RIB,263.9033,"Goodfield, Illinois"
InVISION-FS 60ZX1 RIB,237.6457,"Urbana, Illinois"
InVISION-FS 60ZX1 RIB,231.2416,"DeKalb, Illinois"
InVISION-FS 60ZX1 RIB,248.9412,"Erie, Illinois"
InVISION-FS 60ZX1 RIB,233.0723,"Mt.Morris, Illinois"
InVISION-FS 60ZX1 RIB,248.8613,"Monmouth, Illinois"
InVISION-FS 60ZX1 RIB,238.067,"Perry, Illinois"
InVISION-FS 61JX1 RIB,242.1293,"Dwight, Illinois"
InVISION-FS 61JX1 RIB,253.1751,"Goodfield, Illinois"
InVISION-FS 61JX1 RIB,232.6748,"Urbana, Illinois"
InVISION-FS 61JX1 RIB,238.6579,"Monmouth, Illinois"
InVISION-FS 61JX1 RIB,237.8493,"Perry, Illinois"
InVISION-FS 62SX1 RIB,244.755,"Dwight, Illinois"
InVISION-FS 62SX1 RIB,261.2149,"Goodfield, Illinois"
InVISION-FS 62SX1 RIB,238.6795,"Urbana, Illinois"
InVISION-FS 62SX1 RIB,239.9831,"Monmouth, Illinois"
InVISION-FS 62SX1 RIB,225.4116,"Perry, Illinois"
InVISION-FS 63SX1 RIB,247.0094,"Dwight, Illinois"
InVISION-FS 63SX1 RIB,251.5363,"Goodfield, Illinois"
InVISION-FS 63SX1 RIB,247.0898,"Urbana, Illinois"
InVISION-FS 63SX1 RIB,248.6798,"Belleville, Illinois"
InVISION-FS 63SX1 RIB,195.3137,"St.Peter, Illinois"
InVISION-FS 63SX1 RIB,246.8149,"Monmouth, Illinois"
InVISION-FS 63SX1 RIB,240.0268,"Perry, Illinois"
InVISION-FS 64MX1 RIB,236.1513,"Dwight, Illinois"
InVISION-FS 64MX1 RIB,250.0636,"Goodfield, Illinois"
InVISION-FS 64MX1 RIB,249.1865,"Urbana, Illinois"
InVISION-FS 64MX1 RIB,234.667,"Belleville, Illinois"
InVISION-FS 64MX1 RIB,194.7532,"St.Peter, Illinois"
InVISION-FS 64MX1 RIB,229.8861,"Monmouth, Illinois"
InVISION-FS 64MX1 RIB,243.2859,"Perry, Illinois"
InVISION-FS 65SV4 RIB,251.5337,"Belleville, Illinois"
InVISION-FS 65SV4 RIB,190.6843,"St.Peter, Illinois"
InVISION-FS 66JV4 RIB,253.9096,"Belleville, Illinois"
InVISION-FS 66JV4 RIB,193.9776,"St.Peter, Illinois"
Lewis-R1311SS,250.423,"Monmouth, Illinois"
Lewis-R1311SS,242.4672,"Perry, Illinois"
Lewis-R1312SS,236.9949,"Monmouth, Illinois"
Lewis-R1312SS,236.4486,"Perry, Illinois"
Lewis-R1313SS,248.908,"Monmouth, Illinois"
Lewis-R1313SS,248.1046,"Perry, Illinois"
Lewis-R1315SS,241.69,"Monmouth, Illinois"
Lewis-R1315SS,225.4064,"Perry, Illinois"
Lewis-R1407SS,255.3037,"Monmouth, Illinois"
Lewis-R1407SS,237.0654,"Perry, Illinois"
Lewis-R1511SS,241.2028,"Monmouth, Illinois"
Lewis-R1511SS,228.8669,"Perry, Illinois"
Lewis-R1513SS,236.3629,"Monmouth, Illinois"
Lewis-R1513SS,247.0411,"Perry, Illinois"
Merschman-M - 1211K - 17,255.2705,"Dwight, Illinois"
Merschman-M - 1211K - 17,266.7488,"Goodfield, Illinois"
Merschman-M - 1211K - 17,242.6341,"Urbana, Illinois"
Merschman-M - 1211K - 17,226.44,"Monmouth, Illinois"
Merschman-M - 1211K - 17,250.811,"Perry, Illinois"
Merschman-M - 1311R - 17,255.2166,"Dwight, Illinois"
Merschman-M - 1311R - 17,263.01,"Goodfield, Illinois"
Merschman-M - 1311R - 17,253.138,"Urbana, Illinois"
Merschman-M - 1311R - 17,250.1708,"Monmouth, Illinois"
Merschman-M - 1311R - 17,238.3317,"Perry, Illinois"
Merschman-M - 1314D - 14,249.3612,"Dwight, Illinois"
Merschman-M - 1314D - 14,256.9149,"Goodfield, Illinois"
Merschman-M - 1314D - 14,257.8235,"Urbana, Illinois"
Merschman-M - 1314D - 14,255.159,"Monmouth, Illinois"
Merschman-M - 1314D - 14,255.2668,"Perry, Illinois"
Merschman-M - 1406G - 14,224.6749,"DeKalb, Illinois"
Merschman-M - 1406G - 14,254.7902,"Erie, Illinois"
Merschman-M - 1406G - 14,239.6067,"Mt.Morris, Illinois"
Merschman-M - 1407D - 14,248.3604,"Dwight, Illinois"
Merschman-M - 1407D - 14,260.6622,"Goodfield, Illinois"
Merschman-M - 1407D - 14,234.884,"Urbana, Illinois"
Merschman-M - 1407D - 14,237.2215,"DeKalb, Illinois"
Merschman-M - 1407D - 14,261.9174,"Erie, Illinois"
Merschman-M - 1407D - 14,238.8739,"Mt.Morris, Illinois"
Merschman-M - 1407D - 14,239.9834,"Monmouth, Illinois"
Merschman-M - 1407D - 14,241.1172,"Perry, Illinois"
Merschman-M - 1408F - 15,254.4223,"Dwight, Illinois"
Merschman-M - 1408F - 15,267.9718,"Goodfield, Illinois"
Merschman-M - 1408F - 15,246.6605,"Urbana, Illinois"
Merschman-M - 1408F - 15,242.4698,"DeKalb, Illinois"
Merschman-M - 1408F - 15,249.6623,"Erie, Illinois"
Merschman-M - 1408F - 15,242.9595,"Mt.Morris, Illinois"
Merschman-M - 1408F - 15,239.1563,"Monmouth, Illinois"
Merschman-M - 1408F - 15,227.5244,"Perry, Illinois"
Merschman-M - 1412M - 15,243.6246,"Dwight, Illinois"
Merschman-M - 1412M - 15,250.3627,"Goodfield, Illinois"
Merschman-M - 1412M - 15,251.9766,"Urbana, Illinois"
Merschman-M - 1412M - 15,230.2188,"Monmouth, Illinois"
Merschman-M - 1412M - 15,222.8376,"Perry, Illinois"
Merschman-M - 1413K - 14,246.7313,"Dwight, Illinois"
Merschman-M - 1413K - 14,247.0513,"Goodfield, Illinois"
Merschman-M - 1413K - 14,247.4473,"Urbana, Illinois"
Merschman-M - 1413K - 14,248.3171,"Monmouth, Illinois"
Merschman-M - 1413K - 14,235.0346,"Perry, Illinois"
Merschman-M - 1413M - 15,228.0677,"Dwight, Illinois"
Merschman-M - 1413M - 15,263.4546,"Goodfield, Illinois"
Merschman-M - 1413M - 15,237.9712,"Urbana, Illinois"
Merschman-M - 1413M - 15,250.4339,"Monmouth, Illinois"
Merschman-M - 1413M - 15,218.7276,"Perry, Illinois"
Merschman-M - 1504D - 14,228.7804,"DeKalb, Illinois"
Merschman-M - 1504D - 14,233.3635,"Erie, Illinois"
Merschman-M - 1504D - 14,218.4918,"Mt.Morris, Illinois"
Merschman-M - 1508P - 12,215.9503,"Dwight, Illinois"
Merschman-M - 1508P - 12,231.7145,"Goodfield, Illinois"
Merschman-M - 1508P - 12,218.3214,"Urbana, Illinois"
Merschman-M - 1508P - 12,210.5737,"DeKalb, Illinois"
Merschman-M - 1508P - 12,207.2674,"Erie, Illinois"
Merschman-M - 1508P - 12,215.4017,"Mt.Morris, Illinois"
Merschman-M - 1508P - 12,202.3553,"Monmouth, Illinois"
Merschman-M - 1508P - 12,212.9886,"Perry, Illinois"
Miller-M01-41BRGA,240.4589,"DeKalb, Illinois"
Miller-M01-41BRGA,248.2808,"Erie, Illinois"
Miller-M01-41BRGA,206.6501,"Mt.Morris, Illinois"
Miller-M07-65BRGV,231.4044,"DeKalb, Illinois"
Miller-M07-65BRGV,240.2618,"Erie, Illinois"
Miller-M07-65BRGV,223.5697,"Mt.Morris, Illinois"
Miller-M67-85BR,237.9342,"DeKalb, Illinois"
Miller-M67-85BR,245.6284,"Erie, Illinois"
Miller-M67-85BR,221.2071,"Mt.Morris, Illinois"
Munson-6642SS RIB,231.4989,"DeKalb, Illinois"
Munson-6642SS RIB,253.5332,"Erie, Illinois"
Munson-6642SS RIB,224.2536,"Mt.Morris, Illinois"
Munson-6836VT3P RIB,228.4002,"DeKalb, Illinois"
Munson-6836VT3P RIB,254.0608,"Erie, Illinois"
Munson-6836VT3P RIB,234.5418,"Mt.Morris, Illinois"
Munson-6892SS,236.7381,"DeKalb, Illinois"
Munson-6892SS,270.1725,"Erie, Illinois"
Munson-6892SS,245.9541,"Mt.Morris, Illinois"
Munson-6892SS,243.2753,"Monmouth, Illinois"
Munson-6892SS,246.0249,"Perry, Illinois"
Munson-6914SS RIB,232.8435,"DeKalb, Illinois"
Munson-6914SS RIB,257.4486,"Erie, Illinois"
Munson-6914SS RIB,229.6107,"Mt.Morris, Illinois"
Munson-7055-3000GT,236.2819,"Monmouth, Illinois"
Munson-7055-3000GT,227.4462,"Perry, Illinois"
Munson-7084SS,248.7331,"DeKalb, Illinois"
Munson-7084SS,266.1076,"Erie, Illinois"
Munson-7084SS,237.9038,"Mt.Morris, Illinois"
Munson-7084SS,255.745,"Monmouth, Illinois"
Munson-7084SS,248.5619,"Perry, Illinois"
Munson-7149SS,244.9741,"DeKalb, Illinois"
Munson-7149SS,246.8604,"Erie, Illinois"
Munson-7149SS,221.4386,"Mt.Morris, Illinois"
Munson-7149SS,234.5226,"Monmouth, Illinois"
Munson-7149SS,243.5659,"Perry, Illinois"
Munson-7218VT3P,220.207,"DeKalb, Illinois"
Munson-7218VT3P,254.8104,"Erie, Illinois"
Munson-7218VT3P,242.6467,"Mt.Morris, Illinois"
Munson-7218VT3P,240.5531,"Monmouth, Illinois"
Munson-7218VT3P,231.401,"Perry, Illinois"
Munson-7252VT2P,234.1717,"DeKalb, Illinois"
Munson-7252VT2P,276.8467,"Erie, Illinois"
Munson-7252VT2P,244.1648,"Mt.Morris, Illinois"
Munson-7252VT2P,260.8031,"Monmouth, Illinois"
Munson-7252VT2P,250.6042,"Perry, Illinois"
Munson-7322VT3P RIB,244.2401,"DeKalb, Illinois"
Munson-7322VT3P RIB,252.9773,"Erie, Illinois"
Munson-7322VT3P RIB,229.7767,"Mt.Morris, Illinois"
Munson-7322VT3P RIB,235.3755,"Monmouth, Illinois"
Munson-7322VT3P RIB,245.8596,"Perry, Illinois"
Munson-7397SS RIB,220.7547,"DeKalb, Illinois"
Munson-7397SS RIB,264.3896,"Erie, Illinois"
Munson-7397SS RIB,229.7091,"Mt.Morris, Illinois"
Munson-7397SS RIB,239.364,"Monmouth, Illinois"
Munson-7397SS RIB,234.4735,"Perry, Illinois"
Munson-7400SS RIB,227.1196,"DeKalb, Illinois"
Munson-7400SS RIB,251.6801,"Erie, Illinois"
Munson-7400SS RIB,231.9213,"Mt.Morris, Illinois"
Munson-7400SS RIB,249.7422,"Monmouth, Illinois"
Munson-7400SS RIB,231.9877,"Perry, Illinois"
Munson-7595VT3P RIB,254.7146,"Monmouth, Illinois"
Munson-7595VT3P RIB,207.9613,"Perry, Illinois"
Mycogen-2A627,238.9572,"DeKalb, Illinois"
Mycogen-2A627,244.0123,"Erie, Illinois"
Mycogen-2A627,224.2933,"Mt.Morris, Illinois"
Mycogen-2A749,241.5136,"Dwight, Illinois"
Mycogen-2A749,253.5025,"Goodfield, Illinois"
Mycogen-2A749,242.0139,"Urbana, Illinois"
Mycogen-2A749,238.1568,"Monmouth, Illinois"
Mycogen-2A749,238.5775,"Perry, Illinois"
Mycogen-2C788,221.8684,"Dwight, Illinois"
Mycogen-2C788,241.6441,"Goodfield, Illinois"
Mycogen-2C788,235.0113,"Urbana, Illinois"
Mycogen-2C788,229.819,"Belleville, Illinois"
Mycogen-2C788,196.8235,"St.Peter, Illinois"
Mycogen-2C788,226.3748,"Monmouth, Illinois"
Mycogen-2C788,208.4132,"Perry, Illinois"
Mycogen-2C799,244.7788,"Dwight, Illinois"
Mycogen-2C799,250.9154,"Goodfield, Illinois"
Mycogen-2C799,245.438,"Urbana, Illinois"
Mycogen-2C799,231.7901,"DeKalb, Illinois"
Mycogen-2C799,248.8461,"Erie, Illinois"
Mycogen-2C799,232.5567,"Mt.Morris, Illinois"
Mycogen-2C799,241.7852,"Belleville, Illinois"
Mycogen-2C799,203.2981,"St.Peter, Illinois"
Mycogen-2C799,233.6645,"Monmouth, Illinois"
Mycogen-2C799,242.9165,"Perry, Illinois"
Mycogen-2V709,229.9644,"Dwight, Illinois"
Mycogen-2V709,247.6023,"Goodfield, Illinois"
Mycogen-2V709,218.4264,"Urbana, Illinois"
Mycogen-2V709,208.6585,"DeKalb, Illinois"
Mycogen-2V709,239.9324,"Erie, Illinois"
Mycogen-2V709,223.9596,"Mt.Morris, Illinois"
Mycogen-2V709,235.5803,"Belleville, Illinois"
Mycogen-2V709,206.2803,"St.Peter, Illinois"
Mycogen-2V709,229.1665,"Monmouth, Illinois"
Mycogen-2V709,235.0343,"Perry, Illinois"
Mycogen-2Y669,241.9784,"DeKalb, Illinois"
Mycogen-2Y669,264.9768,"Erie, Illinois"
Mycogen-2Y669,213.8769,"Mt.Morris, Illinois"
Mycogen-2Y744,230.7347,"Belleville, Illinois"
Mycogen-2Y744,180.1218,"St.Peter, Illinois"
NuTech/G2 Genetics-3F-515™,240.9984,"Dwight, Illinois"
NuTech/G2 Genetics-3F-515™,261.1386,"Goodfield, Illinois"
NuTech/G2 Genetics-3F-515™,249.8233,"Urbana, Illinois"
NuTech/G2 Genetics-3F-515™,233.6258,"Belleville, Illinois"
NuTech/G2 Genetics-3F-515™,190.3842,"St.Peter, Illinois"
NuTech/G2 Genetics-3F-515™,237.8159,"Monmouth, Illinois"
NuTech/G2 Genetics-3F-515™,224.7995,"Perry, Illinois"
NuTech/G2 Genetics-3F-814™,252.4661,"Dwight, Illinois"
NuTech/G2 Genetics-3F-814™,270.3846,"Goodfield, Illinois"
NuTech/G2 Genetics-3F-814™,263.7244,"Urbana, Illinois"
NuTech/G2 Genetics-3F-814™,236.2967,"Belleville, Illinois"
NuTech/G2 Genetics-3F-814™,197.4032,"St.Peter, Illinois"
NuTech/G2 Genetics-3F-814™,245.7829,"Monmouth, Illinois"
NuTech/G2 Genetics-3F-814™,253.5003,"Perry, Illinois"
NuTech/G2 Genetics-5D-109™,252.1343,"Dwight, Illinois"
NuTech/G2 Genetics-5D-109™,266.7459,"Goodfield, Illinois"
NuTech/G2 Genetics-5D-109™,235.4055,"Urbana, Illinois"
NuTech/G2 Genetics-5D-109™,233.1782,"DeKalb, Illinois"
NuTech/G2 Genetics-5D-109™,249.367,"Erie, Illinois"
NuTech/G2 Genetics-5D-109™,216.4448,"Mt.Morris, Illinois"
NuTech/G2 Genetics-5D-109™,239.6144,"Monmouth, Illinois"
NuTech/G2 Genetics-5D-109™,223.9957,"Perry, Illinois"
NuTech/G2 Genetics-5F-008™,239.1117,"DeKalb, Illinois"
NuTech/G2 Genetics-5F-008™,262.0769,"Erie, Illinois"
NuTech/G2 Genetics-5F-008™,229.8071,"Mt.Morris, Illinois"
NuTech/G2 Genetics-5F-113™,236.589,"Dwight, Illinois"
NuTech/G2 Genetics-5F-113™,250.4548,"Goodfield, Illinois"
NuTech/G2 Genetics-5F-113™,257.587,"Urbana, Illinois"
NuTech/G2 Genetics-5F-113™,236.1461,"Belleville, Illinois"
NuTech/G2 Genetics-5F-113™,195.9205,"St.Peter, Illinois"
NuTech/G2 Genetics-5F-113™,245.5644,"Monmouth, Illinois"
NuTech/G2 Genetics-5F-113™,239.3419,"Perry, Illinois"
NuTech/G2 Genetics-5F-512™,255.2127,"Dwight, Illinois"
NuTech/G2 Genetics-5F-512™,268.497,"Goodfield, Illinois"
NuTech/G2 Genetics-5F-512™,240.6184,"Urbana, Illinois"
NuTech/G2 Genetics-5F-512™,240.4081,"Monmouth, Illinois"
NuTech/G2 Genetics-5F-512™,232.5605,"Perry, Illinois"
NuTech/G2 Genetics-5F-709™,261.366,"Dwight, Illinois"
NuTech/G2 Genetics-5F-709™,276.5111,"Goodfield, Illinois"
NuTech/G2 Genetics-5F-709™,247.4861,"Urbana, Illinois"
NuTech/G2 Genetics-5F-709™,250.7783,"DeKalb, Illinois"
NuTech/G2 Genetics-5F-709™,273.8153,"Erie, Illinois"
NuTech/G2 Genetics-5F-709™,240.4445,"Mt.Morris, Illinois"
NuTech/G2 Genetics-5F-709™,252.6781,"Monmouth, Illinois"
NuTech/G2 Genetics-5F-709™,248.6894,"Perry, Illinois"
NuTech/G2 Genetics-5F-805™,239.1438,"DeKalb, Illinois"
NuTech/G2 Genetics-5F-805™,254.955,"Erie, Illinois"
NuTech/G2 Genetics-5F-805™,223.1825,"Mt.Morris, Illinois"
NuTech/G2 Genetics-5F-811™,264.7975,"Dwight, Illinois"
NuTech/G2 Genetics-5F-811™,271.3185,"Goodfield, Illinois"
NuTech/G2 Genetics-5F-811™,240.2268,"Urbana, Illinois"
NuTech/G2 Genetics-5F-811™,227.0137,"Monmouth, Illinois"
NuTech/G2 Genetics-5F-811™,234.0124,"Perry, Illinois"
NuTech/G2 Genetics-5H-216™,236.4257,"Belleville, Illinois"
NuTech/G2 Genetics-5H-216™,186.6519,"St.Peter, Illinois"
NuTech/G2 Genetics-5H-806™,254.0289,"DeKalb, Illinois"
NuTech/G2 Genetics-5H-806™,254.561,"Erie, Illinois"
NuTech/G2 Genetics-5H-806™,247.6877,"Mt.Morris, Illinois"
NuTech/G2 Genetics-5H-905,245.8166,"DeKalb, Illinois"
NuTech/G2 Genetics-5H-905,254.407,"Erie, Illinois"
NuTech/G2 Genetics-5H-905,225.9941,"Mt.Morris, Illinois"
NuTech/G2 Genetics-5V-0705,241.3934,"Dwight, Illinois"
NuTech/G2 Genetics-5V-0705,254.2543,"Goodfield, Illinois"
NuTech/G2 Genetics-5V-0705,225.2937,"Urbana, Illinois"
NuTech/G2 Genetics-5V-0705,224.5855,"DeKalb, Illinois"
NuTech/G2 Genetics-5V-0705,235.3296,"Erie, Illinois"
NuTech/G2 Genetics-5V-0705,217.0087,"Mt.Morris, Illinois"
NuTech/G2 Genetics-5V-0705,215.6165,"Monmouth, Illinois"
NuTech/G2 Genetics-5V-0705,235.7366,"Perry, Illinois"
NuTech/G2 Genetics-5Z-0801,256.8199,"Dwight, Illinois"
NuTech/G2 Genetics-5Z-0801,271.7804,"Goodfield, Illinois"
NuTech/G2 Genetics-5Z-0801,253.7181,"Urbana, Illinois"
NuTech/G2 Genetics-5Z-0801,230.6554,"DeKalb, Illinois"
NuTech/G2 Genetics-5Z-0801,268.4336,"Erie, Illinois"
NuTech/G2 Genetics-5Z-0801,221.7176,"Mt.Morris, Illinois"
NuTech/G2 Genetics-5Z-0801,258.3354,"Monmouth, Illinois"
NuTech/G2 Genetics-5Z-0801,251.276,"Perry, Illinois"
NuTech/G2 Genetics-5Z-0906,263.4255,"Dwight, Illinois"
NuTech/G2 Genetics-5Z-0906,285.0147,"Goodfield, Illinois"
NuTech/G2 Genetics-5Z-0906,235.8665,"Urbana, Illinois"
NuTech/G2 Genetics-5Z-0906,229.0411,"DeKalb, Illinois"
NuTech/G2 Genetics-5Z-0906,290.5174,"Erie, Illinois"
NuTech/G2 Genetics-5Z-0906,244.35,"Mt.Morris, Illinois"
NuTech/G2 Genetics-5Z-0906,259.9206,"Monmouth, Illinois"
NuTech/G2 Genetics-5Z-0906,242.9751,"Perry, Illinois"
NuTech/G2 Genetics-5Z-111™,242.8263,"Dwight, Illinois"
NuTech/G2 Genetics-5Z-111™,265.0855,"Goodfield, Illinois"
NuTech/G2 Genetics-5Z-111™,250.7975,"Urbana, Illinois"
NuTech/G2 Genetics-5Z-111™,230.3131,"Monmouth, Illinois"
NuTech/G2 Genetics-5Z-111™,203.308,"Perry, Illinois"
NuTech/G2 Genetics-5Z-510™,281.9057,"Dwight, Illinois"
NuTech/G2 Genetics-5Z-510™,270.5506,"Goodfield, Illinois"
NuTech/G2 Genetics-5Z-510™,241.5503,"Urbana, Illinois"
NuTech/G2 Genetics-5Z-510™,250.8812,"Monmouth, Illinois"
NuTech/G2 Genetics-5Z-510™,257.7435,"Perry, Illinois"
NuTech/G2 Genetics-5Z-707™,235.5094,"Dwight, Illinois"
NuTech/G2 Genetics-5Z-707™,252.4941,"Goodfield, Illinois"
NuTech/G2 Genetics-5Z-707™,242.3093,"Urbana, Illinois"
NuTech/G2 Genetics-5Z-707™,234.2179,"DeKalb, Illinois"
NuTech/G2 Genetics-5Z-707™,260.0275,"Erie, Illinois"
NuTech/G2 Genetics-5Z-707™,219.9405,"Mt.Morris, Illinois"
NuTech/G2 Genetics-5Z-707™,229.1816,"Monmouth, Illinois"
NuTech/G2 Genetics-5Z-707™,227.8189,"Perry, Illinois"
NuTech/G2 Genetics-5Z-713™,267.1211,"Dwight, Illinois"
NuTech/G2 Genetics-5Z-713™,286.4472,"Goodfield, Illinois"
NuTech/G2 Genetics-5Z-713™,268.7037,"Urbana, Illinois"
NuTech/G2 Genetics-5Z-713™,272.0763,"Belleville, Illinois"
NuTech/G2 Genetics-5Z-713™,199.9187,"St.Peter, Illinois"
NuTech/G2 Genetics-5Z-713™,262.5936,"Monmouth, Illinois"
NuTech/G2 Genetics-5Z-713™,240.617,"Perry, Illinois"
Phoenix-5552EZ**,244.975,"Dwight, Illinois"
Phoenix-5552EZ**,250.5512,"Goodfield, Illinois"
Phoenix-5552EZ**,233.2023,"Urbana, Illinois"
Phoenix-5552EZ**,212.6615,"DeKalb, Illinois"
Phoenix-5552EZ**,247.8321,"Erie, Illinois"
Phoenix-5552EZ**,220.2804,"Mt.Morris, Illinois"
Phoenix-5552EZ**,235.1493,"Monmouth, Illinois"
Phoenix-5552EZ**,232.1826,"Perry, Illinois"
Phoenix-5832A3,257.7991,"Belleville, Illinois"
Phoenix-5832A3,212.0794,"St.Peter, Illinois"
Phoenix-6542A4**,245.0144,"Dwight, Illinois"
Phoenix-6542A4**,282.9086,"Goodfield, Illinois"
Phoenix-6542A4**,236.7259,"Urbana, Illinois"
Phoenix-6542A4**,241.6731,"Belleville, Illinois"
Phoenix-6542A4**,205.1587,"St.Peter, Illinois"
Phoenix-6542A4**,249.948,"Monmouth, Illinois"
Phoenix-6542A4**,220.8553,"Perry, Illinois"
Power Plus-2V56 AMX,216.793,"DeKalb, Illinois"
Power Plus-2V56 AMX,249.7755,"Erie, Illinois"
Power Plus-2V56 AMX,246.3263,"Mt.Morris, Illinois"
Power Plus-4G46 AMX,246.4068,"Dwight, Illinois"
Power Plus-4G46 AMX,259.1703,"Goodfield, Illinois"
Power Plus-4G46 AMX,240.5981,"Urbana, Illinois"
Power Plus-4G46 AMX,232.3301,"DeKalb, Illinois"
Power Plus-4G46 AMX,254.2805,"Erie, Illinois"
Power Plus-4G46 AMX,235.8633,"Mt.Morris, Illinois"
Power Plus-4G46 AMX,242.4172,"Monmouth, Illinois"
Power Plus-4G46 AMX,230.2548,"Perry, Illinois"
Power Plus-4J95 AMX,266.1617,"Dwight, Illinois"
Power Plus-4J95 AMX,267.5103,"Goodfield, Illinois"
Power Plus-4J95 AMX,244.1933,"Urbana, Illinois"
Power Plus-4J95 AMX,256.0393,"DeKalb, Illinois"
Power Plus-4J95 AMX,281.0411,"Erie, Illinois"
Power Plus-4J95 AMX,236.14,"Mt.Morris, Illinois"
Power Plus-4J95 AMX,252.9535,"Monmouth, Illinois"
Power Plus-4J95 AMX,246.5083,"Perry, Illinois"
Power Plus-4Y27 AMX,232.7675,"DeKalb, Illinois"
Power Plus-4Y27 AMX,245.548,"Erie, Illinois"
Power Plus-4Y27 AMX,220.7605,"Mt.Morris, Illinois"
Power Plus-5C17 AMXT,265.5469,"Dwight, Illinois"
Power Plus-5C17 AMXT,277.0883,"Goodfield, Illinois"
Power Plus-5C17 AMXT,268.1578,"Urbana, Illinois"
Power Plus-5C17 AMXT,260.1275,"DeKalb, Illinois"
Power Plus-5C17 AMXT,275.4398,"Erie, Illinois"
Power Plus-5C17 AMXT,255.9291,"Mt.Morris, Illinois"
Power Plus-5C17 AMXT,245.1417,"Belleville, Illinois"
Power Plus-5C17 AMXT,205.4601,"St.Peter, Illinois"
Power Plus-5C17 AMXT,248.1302,"Monmouth, Illinois"
Power Plus-5C17 AMXT,251.6507,"Perry, Illinois"
Power Plus-6F74 AMX,246.823,"Dwight, Illinois"
Power Plus-6F74 AMX,260.6467,"Goodfield, Illinois"
Power Plus-6F74 AMX,243.18,"Urbana, Illinois"
Power Plus-6F74 AMX,223.482,"Belleville, Illinois"
Power Plus-6F74 AMX,188.8838,"St.Peter, Illinois"
Power Plus-6F74 AMX,240.7672,"Monmouth, Illinois"
Power Plus-6F74 AMX,241.0276,"Perry, Illinois"
Power Plus-6N83 AM,233.7938,"Belleville, Illinois"
Power Plus-6N83 AM,185.6234,"St.Peter, Illinois"
Power Plus-6P75 AMXT,276.232,"Dwight, Illinois"
Power Plus-6P75 AMXT,277.7846,"Goodfield, Illinois"
Power Plus-6P75 AMXT,239.9025,"Urbana, Illinois"
Power Plus-6P75 AMXT,243.8468,"DeKalb, Illinois"
Power Plus-6P75 AMXT,248.2037,"Erie, Illinois"
Power Plus-6P75 AMXT,241.2328,"Mt.Morris, Illinois"
Power Plus-6P75 AMXT,251.3656,"Belleville, Illinois"
Power Plus-6P75 AMXT,184.374,"St.Peter, Illinois"
Power Plus-6P75 AMXT,243.2138,"Monmouth, Illinois"
Power Plus-6P75 AMXT,244.7605,"Perry, Illinois"
Power Plus-7A18 AMX,256.7087,"Dwight, Illinois"
Power Plus-7A18 AMX,264.6533,"Goodfield, Illinois"
Power Plus-7A18 AMX,246.4047,"Urbana, Illinois"
Power Plus-7A18 AMX,247.8035,"Belleville, Illinois"
Power Plus-7A18 AMX,186.0467,"St.Peter, Illinois"
Power Plus-7A18 AMX,255.2321,"Monmouth, Illinois"
Power Plus-7A18 AMX,226.4215,"Perry, Illinois"
Power Plus-7H23 AM,254.348,"Belleville, Illinois"
Power Plus-7H23 AM,202.6327,"St.Peter, Illinois"
Power Plus-X4V45 AM,235.0176,"Belleville, Illinois"
Power Plus-X4V45 AM,198.3833,"St.Peter, Illinois"
Renk-RK752SSTX,234.099,"DeKalb, Illinois"
Renk-RK752SSTX,269.6544,"Erie, Illinois"
Renk-RK752SSTX,224.0705,"Mt.Morris, Illinois"
Renk-RK776SSTX,229.0825,"DeKalb, Illinois"
Renk-RK776SSTX,262.0791,"Erie, Illinois"
Renk-RK776SSTX,229.8016,"Mt.Morris, Illinois"
Renk-RK791SSTX,227.9732,"DeKalb, Illinois"
Renk-RK791SSTX,257.2098,"Erie, Illinois"
Renk-RK791SSTX,233.0606,"Mt.Morris, Illinois"
Renk-RK834SSTX,235.0389,"DeKalb, Illinois"
Renk-RK834SSTX,256.8328,"Erie, Illinois"
Renk-RK834SSTX,222.5491,"Mt.Morris, Illinois"
Renk-RK858VT3P,241.1473,"Dwight, Illinois"
Renk-RK858VT3P,263.5002,"Goodfield, Illinois"
Renk-RK858VT3P,244.2661,"Urbana, Illinois"
Renk-RK858VT3P,246.5117,"Monmouth, Illinois"
Renk-RK858VT3P,256.978,"Perry, Illinois"
Renk-RK860VT3P,235.4515,"Dwight, Illinois"
Renk-RK860VT3P,266.0832,"Goodfield, Illinois"
Renk-RK860VT3P,254.3781,"Urbana, Illinois"
Renk-RK860VT3P,227.2478,"DeKalb, Illinois"
Renk-RK860VT3P,266.1337,"Erie, Illinois"
Renk-RK860VT3P,220.0214,"Mt.Morris, Illinois"
Renk-RK860VT3P,240.7443,"Monmouth, Illinois"
Renk-RK860VT3P,239.0933,"Perry, Illinois"
Renk-RK890SSTX,247.0708,"Dwight, Illinois"
Renk-RK890SSTX,249.3152,"Goodfield, Illinois"
Renk-RK890SSTX,249.8899,"Urbana, Illinois"
Renk-RK890SSTX,248.5178,"Monmouth, Illinois"
Renk-RK890SSTX,236.1859,"Perry, Illinois"
Renk-RK898SSTX,238.335,"Dwight, Illinois"
Renk-RK898SSTX,254.1945,"Goodfield, Illinois"
Renk-RK898SSTX,231.7639,"Urbana, Illinois"
Renk-RK898SSTX,244.1117,"Monmouth, Illinois"
Renk-RK898SSTX,231.4868,"Perry, Illinois"
Renk-RK941SSTX,241.5768,"Dwight, Illinois"
Renk-RK941SSTX,259.8554,"Goodfield, Illinois"
Renk-RK941SSTX,238.5506,"Urbana, Illinois"
Renk-RK941SSTX,255.4455,"Monmouth, Illinois"
Renk-RK941SSTX,243.9392,"Perry, Illinois"
Roeschley-Rx03-35SS,226.4172,"DeKalb, Illinois"
Roeschley-Rx03-35SS,245.5347,"Erie, Illinois"
Roeschley-Rx03-35SS,226.5454,"Mt.Morris, Illinois"
Roeschley-Rx215VT3P,239.8444,"DeKalb, Illinois"
Roeschley-Rx215VT3P,273.1568,"Erie, Illinois"
Roeschley-Rx215VT3P,240.1673,"Mt.Morris, Illinois"
Roeschley-Rx436SS,265.9242,"Dwight, Illinois"
Roeschley-Rx436SS,268.745,"Goodfield, Illinois"
Roeschley-Rx436SS,251.8631,"Urbana, Illinois"
Roeschley-Rx436SS,260.3475,"Monmouth, Illinois"
Roeschley-Rx436SS,243.6801,"Perry, Illinois"
Roeschley-Rx720SS,240.1758,"Dwight, Illinois"
Roeschley-Rx720SS,251.3733,"Goodfield, Illinois"
Roeschley-Rx720SS,244.9719,"Urbana, Illinois"
Roeschley-Rx720SS,244.6677,"Monmouth, Illinois"
Roeschley-Rx720SS,248.3966,"Perry, Illinois"
Roeschley-Rx760SS,242.2238,"Dwight, Illinois"
Roeschley-Rx760SS,260.214,"Goodfield, Illinois"
Roeschley-Rx760SS,226.8401,"Urbana, Illinois"
Roeschley-Rx760SS,234.53,"Monmouth, Illinois"
Roeschley-Rx760SS,239.6864,"Perry, Illinois"
Roeschley-Rx850SS,251.5463,"Dwight, Illinois"
Roeschley-Rx850SS,269.5868,"Goodfield, Illinois"
Roeschley-Rx850SS,237.3819,"Urbana, Illinois"
Roeschley-Rx850SS,248.0431,"Monmouth, Illinois"
Roeschley-Rx850SS,227.357,"Perry, Illinois"
SGI-SGI 3100,164.9863,"Belleville, Illinois"
SGI-SGI 3100,121.3649,"St.Peter, Illinois"
Steyer-10703 SS,243.6114,"DeKalb, Illinois"
Steyer-10703 SS,268.35,"Erie, Illinois"
Steyer-10703 SS,232.8655,"Mt.Morris, Illinois"
Steyer-10904 SS,225.6002,"Dwight, Illinois"
Steyer-10904 SS,248.9501,"Goodfield, Illinois"
Steyer-10904 SS,236.0624,"Urbana, Illinois"
Steyer-10904 SS,227.3287,"DeKalb, Illinois"
Steyer-10904 SS,256.1738,"Erie, Illinois"
Steyer-10904 SS,225.8962,"Mt.Morris, Illinois"
Steyer-10904 SS,232.6701,"Monmouth, Illinois"
Steyer-10904 SS,232.6448,"Perry, Illinois"
Steyer-11103 SS,243.9836,"Dwight, Illinois"
Steyer-11103 SS,246.8739,"Goodfield, Illinois"
Steyer-11103 SS,221.0537,"Urbana, Illinois"
Steyer-11103 SS,225.5866,"DeKalb, Illinois"
Steyer-11103 SS,252.8195,"Erie, Illinois"
Steyer-11103 SS,226.553,"Mt.Morris, Illinois"
Steyer-11103 SS,229.8367,"Monmouth, Illinois"
Steyer-11103 SS,222.3714,"Perry, Illinois"
Steyer-11208 Vt3P,246.9174,"Dwight, Illinois"
Steyer-11208 Vt3P,260.6306,"Goodfield, Illinois"
Steyer-11208 Vt3P,250.3512,"Urbana, Illinois"
Steyer-11208 Vt3P,235.2126,"Belleville, Illinois"
Steyer-11208 Vt3P,187.4427,"St.Peter, Illinois"
Steyer-11208 Vt3P,235.8339,"Monmouth, Illinois"
Steyer-11208 Vt3P,240.5347,"Perry, Illinois"
Steyer-11304 SS,240.4722,"Dwight, Illinois"
Steyer-11304 SS,249.7085,"Goodfield, Illinois"
Steyer-11304 SS,235.9146,"Urbana, Illinois"
Steyer-11304 SS,243.8263,"Belleville, Illinois"
Steyer-11304 SS,190.0516,"St.Peter, Illinois"
Steyer-11304 SS,239.6648,"Monmouth, Illinois"
Steyer-11304 SS,219.1864,"Perry, Illinois"
Steyer-11406 SS,240.5346,"Dwight, Illinois"
Steyer-11406 SS,257.0741,"Goodfield, Illinois"
Steyer-11406 SS,245.3733,"Urbana, Illinois"
Steyer-11406 SS,223.8264,"Monmouth, Illinois"
Steyer-11406 SS,240.6527,"Perry, Illinois"
Steyer-11504 Vt2,256.7227,"Belleville, Illinois"
Steyer-11504 Vt2,204.8014,"St.Peter, Illinois"
Stone-5418RIB,248.0219,"DeKalb, Illinois"
Stone-5418RIB,261.8587,"Erie, Illinois"
Stone-5418RIB,243.5105,"Mt.Morris, Illinois"
Stone-5428RIB,227.3781,"DeKalb, Illinois"
Stone-5428RIB,252.1772,"Erie, Illinois"
Stone-5428RIB,212.2771,"Mt.Morris, Illinois"
Stone-5628RIB,220.3237,"DeKalb, Illinois"
Stone-5628RIB,259.2715,"Erie, Illinois"
Stone-5628RIB,225.4909,"Mt.Morris, Illinois"
Stone-5828RIB,251.4073,"Dwight, Illinois"
Stone-5828RIB,263.8735,"Goodfield, Illinois"
Stone-5828RIB,247.2267,"Urbana, Illinois"
Stone-5828RIB,240.5141,"DeKalb, Illinois"
Stone-5828RIB,266.7243,"Erie, Illinois"
Stone-5828RIB,229.0916,"Mt.Morris, Illinois"
Stone-5828RIB,251.4885,"Monmouth, Illinois"
Stone-5828RIB,242.4501,"Perry, Illinois"
Stone-5838RIB,247.4572,"Dwight, Illinois"
Stone-5838RIB,257.4889,"Goodfield, Illinois"
Stone-5838RIB,241.4264,"Urbana, Illinois"
Stone-5838RIB,225.6726,"DeKalb, Illinois"
Stone-5838RIB,253.6217,"Erie, Illinois"
Stone-5838RIB,226.3418,"Mt.Morris, Illinois"
Stone-5838RIB,228.0991,"Monmouth, Illinois"
Stone-5838RIB,219.2628,"Perry, Illinois"
Stone-6052RIB,241.2242,"Belleville, Illinois"
Stone-6052RIB,194.8281,"St.Peter, Illinois"
Stone-6058RIB,257.6,"Dwight, Illinois"
Stone-6058RIB,268.207,"Goodfield, Illinois"
Stone-6058RIB,265.7857,"Urbana, Illinois"
Stone-6058RIB,235.6316,"DeKalb, Illinois"
Stone-6058RIB,265.3598,"Erie, Illinois"
Stone-6058RIB,234.4138,"Mt.Morris, Illinois"
Stone-6058RIB,250.3951,"Monmouth, Illinois"
Stone-6058RIB,245.162,"Perry, Illinois"
Stone-6142RIB,236.073,"Belleville, Illinois"
Stone-6142RIB,164.1392,"St.Peter, Illinois"
Stone-6148RIB,250.9637,"Dwight, Illinois"
Stone-6148RIB,256.7627,"Goodfield, Illinois"
Stone-6148RIB,229.4621,"Urbana, Illinois"
Stone-6148RIB,242.5253,"DeKalb, Illinois"
Stone-6148RIB,265.2916,"Erie, Illinois"
Stone-6148RIB,218.4214,"Mt.Morris, Illinois"
Stone-6148RIB,255.8811,"Monmouth, Illinois"
Stone-6148RIB,260.4036,"Perry, Illinois"
Stone-6158RIB,238.0236,"Dwight, Illinois"
Stone-6158RIB,250.0279,"Goodfield, Illinois"
Stone-6158RIB,240.4772,"Urbana, Illinois"
Stone-6158RIB,230.2275,"DeKalb, Illinois"
Stone-6158RIB,253.1877,"Erie, Illinois"
Stone-6158RIB,222.6564,"Mt.Morris, Illinois"
Stone-6158RIB,244.7228,"Monmouth, Illinois"
Stone-6158RIB,224.6798,"Perry, Illinois"
Stone-6258RIB,249.0831,"Dwight, Illinois"
Stone-6258RIB,260.2661,"Goodfield, Illinois"
Stone-6258RIB,247.7762,"Urbana, Illinois"
Stone-6258RIB,244.5836,"DeKalb, Illinois"
Stone-6258RIB,263.431,"Erie, Illinois"
Stone-6258RIB,221.4376,"Mt.Morris, Illinois"
Stone-6258RIB,249.9688,"Monmouth, Illinois"
Stone-6258RIB,240.5071,"Perry, Illinois"
Stone-6362RIB,266.4206,"Belleville, Illinois"
Stone-6362RIB,197.7989,"St.Peter, Illinois"
Stone-6378RIB,251.9553,"Dwight, Illinois"
Stone-6378RIB,268.3038,"Goodfield, Illinois"
Stone-6378RIB,234.0925,"Urbana, Illinois"
Stone-6378RIB,237.5328,"DeKalb, Illinois"
Stone-6378RIB,266.5665,"Erie, Illinois"
Stone-6378RIB,219.8343,"Mt.Morris, Illinois"
Stone-6378RIB,244.2719,"Belleville, Illinois"
Stone-6378RIB,197.7984,"St.Peter, Illinois"
Stone-6378RIB,250.0824,"Monmouth, Illinois"
Stone-6378RIB,249.2925,"Perry, Illinois"
Stone-6432RIB,252.7952,"Belleville, Illinois"
Stone-6432RIB,180.744,"St.Peter, Illinois"
Stone-6438RIB,241.767,"Dwight, Illinois"
Stone-6438RIB,253.9106,"Goodfield, Illinois"
Stone-6438RIB,257.1432,"Urbana, Illinois"
Stone-6438RIB,251.8679,"Monmouth, Illinois"
Stone-6438RIB,207.8477,"Perry, Illinois"
Stone-6448RIB,257.8835,"Dwight, Illinois"
Stone-6448RIB,264.1547,"Goodfield, Illinois"
Stone-6448RIB,245.8272,"Urbana, Illinois"
Stone-6448RIB,252.6604,"Monmouth, Illinois"
Stone-6448RIB,243.3233,"Perry, Illinois"
Stone-6612RIB,241.2509,"Belleville, Illinois"
Stone-6612RIB,204.9309,"St.Peter, Illinois"
Sun Prairie-SP2488 GSS,232.633,"DeKalb, Illinois"
Sun Prairie-SP2488 GSS,262.1977,"Erie, Illinois"
Sun Prairie-SP2488 GSS,243.8136,"Mt.Morris, Illinois"
Sun Prairie-SP2718 GSS,237.2714,"Dwight, Illinois"
Sun Prairie-SP2718 GSS,257.1531,"Goodfield, Illinois"
Sun Prairie-SP2718 GSS,256.4048,"Urbana, Illinois"
Sun Prairie-SPX4412 GSS,252.5651,"DeKalb, Illinois"
Sun Prairie-SPX4412 GSS,254.6352,"Erie, Illinois"
Sun Prairie-SPX4412 GSS,229.9804,"Mt.Morris, Illinois"
Sun Prairie-SPX4840 GSS,254.111,"Dwight, Illinois"
Sun Prairie-SPX4840 GSS,262.9655,"Goodfield, Illinois"
Sun Prairie-SPX4840 GSS,251.5268,"Urbana, Illinois"
Sun Prairie-SPX4919 VT2P,252.0779,"Belleville, Illinois"
Sun Prairie-SPX4919 VT2P,203.2647,"St.Peter, Illinois"
Whisnand-212 SS,247.8671,"Dwight, Illinois"
Whisnand-212 SS,254.7942,"Goodfield, Illinois"
Whisnand-212 SS,243.9963,"Urbana, Illinois"
Whisnand-212 SS,248.3976,"Belleville, Illinois"
Whisnand-212 SS,218.7232,"St.Peter, Illinois"
Whisnand-214 SS,251.2078,"Dwight, Illinois"
Whisnand-214 SS,265.8461,"Goodfield, Illinois"
Whisnand-214 SS,248.4486,"Urbana, Illinois"
Whisnand-214 SS,250.6246,"Belleville, Illinois"
Whisnand-214 SS,192.3997,"St.Peter, Illinois"
Whisnand-215 SS,247.4944,"Dwight, Illinois"
Whisnand-215 SS,254.6182,"Goodfield, Illinois"
Whisnand-215 SS,248.22,"Urbana, Illinois"
Whisnand-215 SS,246.9246,"Belleville, Illinois"
Whisnand-215 SS,193.8601,"St.Peter, Illinois"
YIELDirect-5E58-RIB,225.7816,"DeKalb, Illinois"
YIELDirect-5E58-RIB,252.6511,"Erie, Illinois"
YIELDirect-5E58-RIB,232.3656,"Mt.Morris, Illinois"
YIELDirect-5L33-RIB,242.3703,"DeKalb, Illinois"
YIELDirect-5L33-RIB,259.5347,"Erie, Illinois"
YIELDirect-5L33-RIB,218.9715,"Mt.Morris, Illinois"
YIELDirect-5M83-RIB,255.9648,"DeKalb, Illinois"
YIELDirect-5M83-RIB,273.5121,"Erie, Illinois"
YIELDirect-5M83-RIB,252.3031,"Mt.Morris, Illinois"
