Brand-Hybrid,YIELD,Location
AGRIGOLD-A6499STXRIB,193.1298456,"2014 Belleville, Kansas Dryland Corn Performance Test, Republic County"
AGRIGOLD-A6517VT3PRIB,185.8802832,"2014 Belleville, Kansas Dryland Corn Performance Test, Republic County"
AGRIGOLD-A6553VT3PRIB,172.3378404,"2014 Belleville, Kansas Dryland Corn Performance Test, Republic County"
B-H GENETICS-BH 8550SS,147.3037612,"2014 Belleville, Kansas Dryland Corn Performance Test, Republic County"
B-H GENETICS-BH 8688DG2P,165.2990757,"2014 Belleville, Kansas Dryland Corn Performance Test, Republic County"
B-H GENETICS-BH 8700SS,173.0122907,"2014 Belleville, Kansas Dryland Corn Performance Test, Republic County"
B-H GENETICS-XP 7810VT2P,167.153564,"2014 Belleville, Kansas Dryland Corn Performance Test, Republic County"
DEKALB-DKC53-78 SSRIB,155.0098926,"2014 Belleville, Kansas Dryland Corn Performance Test, Republic County"
DEKALB-DKC61-89 RIB,167.3946597,"2014 Belleville, Kansas Dryland Corn Performance Test, Republic County"
DEKALB-DKC64-69 GENVT3P,177.8190025,"2014 Belleville, Kansas Dryland Corn Performance Test, Republic County"
GOLDEN ACRES-G4598,160.5429161,"2014 Belleville, Kansas Dryland Corn Performance Test, Republic County"
GOLDEN ACRES-G5621,187.1778974,"2014 Belleville, Kansas Dryland Corn Performance Test, Republic County"
GOLDEN HARVEST-G07B39-3111A,155.6674262,"2014 Belleville, Kansas Dryland Corn Performance Test, Republic County"
GOLDEN HARVEST-G11U58-3111,167.4332187,"2014 Belleville, Kansas Dryland Corn Performance Test, Republic County"
GOLDEN HARVEST-G13N18-3111,175.9450317,"2014 Belleville, Kansas Dryland Corn Performance Test, Republic County"
GOLDEN HARVEST-G14H66-5122A,148.7000054,"2014 Belleville, Kansas Dryland Corn Performance Test, Republic County"
GOLDEN HARVEST-G16K01-3111,147.9891712,"2014 Belleville, Kansas Dryland Corn Performance Test, Republic County"
MAT CHECK-LATE,126.7400051,"2014 Belleville, Kansas Dryland Corn Performance Test, Republic County"
MAT CHECK-MED,161.266203,"2014 Belleville, Kansas Dryland Corn Performance Test, Republic County"
MIDLAND-425SS,158.8227757,"2014 Belleville, Kansas Dryland Corn Performance Test, Republic County"
MIDLAND-534PRW,175.8399075,"2014 Belleville, Kansas Dryland Corn Performance Test, Republic County"
MIDLAND-573PRW,171.6341278,"2014 Belleville, Kansas Dryland Corn Performance Test, Republic County"
MIDLAND-594PR DG,181.5064671,"2014 Belleville, Kansas Dryland Corn Performance Test, Republic County"
MIDLAND-653PRW,172.3833914,"2014 Belleville, Kansas Dryland Corn Performance Test, Republic County"
MIDLAND-714PRW,160.3635149,"2014 Belleville, Kansas Dryland Corn Performance Test, Republic County"
MIDLAND-735PRW,187.2208938,"2014 Belleville, Kansas Dryland Corn Performance Test, Republic County"
MYCOGEN-2C788,167.6605143,"2014 Belleville, Kansas Dryland Corn Performance Test, Republic County"
MYCOGEN-2G685,162.062321,"2014 Belleville, Kansas Dryland Corn Performance Test, Republic County"
MYCOGEN-2V709,187.1312206,"2014 Belleville, Kansas Dryland Corn Performance Test, Republic County"
MYCOGEN-2V717,174.5934349,"2014 Belleville, Kansas Dryland Corn Performance Test, Republic County"
PHILLIPS-PSF053 VT2Pro,166.257776,"2014 Belleville, Kansas Dryland Corn Performance Test, Republic County"
PHILLIPS-PSF082 VT3Pro,170.8272286,"2014 Belleville, Kansas Dryland Corn Performance Test, Republic County"
PHILLIPS-PSF112 VT3Pro,158.3085195,"2014 Belleville, Kansas Dryland Corn Performance Test, Republic County"
PHILLIPS-PSF121 VT3Pro,186.3487014,"2014 Belleville, Kansas Dryland Corn Performance Test, Republic County"
PHILLIPS-PSF133DGVT2Pro,173.5158104,"2014 Belleville, Kansas Dryland Corn Performance Test, Republic County"
PHILLIPS-PSF141 SS,176.4195112,"2014 Belleville, Kansas Dryland Corn Performance Test, Republic County"
PHILLIPS-PSF143 VT2Pro,189.3323346,"2014 Belleville, Kansas Dryland Corn Performance Test, Republic County"
PRODUCERS-6108STXRIB,137.4001687,"2014 Belleville, Kansas Dryland Corn Performance Test, Republic County"
PRODUCERS-6424VT3PRIB,172.4320976,"2014 Belleville, Kansas Dryland Corn Performance Test, Republic County"
PRODUCERS-6624VT3PRIB,154.7238577,"2014 Belleville, Kansas Dryland Corn Performance Test, Republic County"
PRODUCERS-7014VT3PRIB,151.6710831,"2014 Belleville, Kansas Dryland Corn Performance Test, Republic County"
AGRIGOLD-A6408VT3PRIB,76.15087511,"2014 Assaria, Kansas Dryland Corn Performance Test, Saline County"
AGRIGOLD-A6499STXRIB,124.6076631,"2014 Assaria, Kansas Dryland Corn Performance Test, Saline County"
AGRIGOLD-A6619VT2RIBD1,109.4271631,"2014 Assaria, Kansas Dryland Corn Performance Test, Saline County"
DEKALB-DKC53-78 SSRIB,121.134757,"2014 Assaria, Kansas Dryland Corn Performance Test, Saline County"
DEKALB-DKC61-89 RIB,125.6954239,"2014 Assaria, Kansas Dryland Corn Performance Test, Saline County"
DEKALB-DKC64-69 GENVT3P,117.4202206,"2014 Assaria, Kansas Dryland Corn Performance Test, Saline County"
GOLDEN ACRES-G4655A,109.0089307,"2014 Assaria, Kansas Dryland Corn Performance Test, Saline County"
GOLDEN ACRES-G4678DG,123.39,"2014 Assaria, Kansas Dryland Corn Performance Test, Saline County"
MAT CHECK-LATE,86.75463563,"2014 Assaria, Kansas Dryland Corn Performance Test, Saline County"
MAT CHECK-MED,110.6083707,"2014 Assaria, Kansas Dryland Corn Performance Test, Saline County"
MYCOGEN-2C788,100.2237971,"2014 Assaria, Kansas Dryland Corn Performance Test, Saline County"
MYCOGEN-2C799,121.7351927,"2014 Assaria, Kansas Dryland Corn Performance Test, Saline County"
MYCOGEN-2V717,136.41,"2014 Assaria, Kansas Dryland Corn Performance Test, Saline County"
NUTECH/G2 GENETICS-5D-109,95.62257692,"2014 Assaria, Kansas Dryland Corn Performance Test, Saline County"
NUTECH/G2 GENETICS-5F-008,108.6964402,"2014 Assaria, Kansas Dryland Corn Performance Test, Saline County"
NUTECH/G2 GENETICS-5F-200,104.8291224,"2014 Assaria, Kansas Dryland Corn Performance Test, Saline County"
NUTECH/G2 GENETICS-5F-709,105.5498791,"2014 Assaria, Kansas Dryland Corn Performance Test, Saline County"
NUTECH/G2 GENETICS-5F-805,110.5565135,"2014 Assaria, Kansas Dryland Corn Performance Test, Saline County"
NUTECH/G2 GENETICS-5H-903,113.9928931,"2014 Assaria, Kansas Dryland Corn Performance Test, Saline County"
NUTECH/G2 GENETICS-5H-905,99.12730258,"2014 Assaria, Kansas Dryland Corn Performance Test, Saline County"
NUTECH/G2 GENETICS-5X-698,102.5028538,"2014 Assaria, Kansas Dryland Corn Performance Test, Saline County"
NUTECH/G2 GENETICS-5Z-002,96.70114413,"2014 Assaria, Kansas Dryland Corn Performance Test, Saline County"
NUTECH/G2 GENETICS-5Z-0106,100.8443457,"2014 Assaria, Kansas Dryland Corn Performance Test, Saline County"
NUTECH/G2 GENETICS-5Z-707,120.515,"2014 Assaria, Kansas Dryland Corn Performance Test, Saline County"
PHILLIPS-795 VT2Pro,129.3860262,"2014 Assaria, Kansas Dryland Corn Performance Test, Saline County"
PHILLIPS-PSF003 VT2Pro,114.9252477,"2014 Assaria, Kansas Dryland Corn Performance Test, Saline County"
PHILLIPS-PSF053 VT2Pro,117.0615165,"2014 Assaria, Kansas Dryland Corn Performance Test, Saline County"
PHILLIPS-PSF082 VT3Pro,118.8079362,"2014 Assaria, Kansas Dryland Corn Performance Test, Saline County"
PHILLIPS-PSF112 VT3Pro,117.91,"2014 Assaria, Kansas Dryland Corn Performance Test, Saline County"
PHILLIPS-PSF121 VT3Pro,106.8573195,"2014 Assaria, Kansas Dryland Corn Performance Test, Saline County"
PHILLIPS-PSF133DGVT2Pro,120.4963618,"2014 Assaria, Kansas Dryland Corn Performance Test, Saline County"
PHILLIPS-PSF141 SS,135.054191,"2014 Assaria, Kansas Dryland Corn Performance Test, Saline County"
PHILLIPS-PSF143 VT2Pro,111.7274417,"2014 Assaria, Kansas Dryland Corn Performance Test, Saline County"
AGRIGOLD-A6458VT3PRIB,184.3369648,"2014 Ottawa, Kansas Full Season Corn Performance Test, Franklin County"
AGRIGOLD-A6499STXRIB,189.1018496,"2014 Ottawa, Kansas Full Season Corn Performance Test, Franklin County"
AGRIGOLD-A6517VT3PRIB,186.1841791,"2014 Ottawa, Kansas Full Season Corn Performance Test, Franklin County"
DEKALB-DKC53-78 SSRIB,181.5705271,"2014 Ottawa, Kansas Full Season Corn Performance Test, Franklin County"
DEKALB-DKC61-89 RIB,181.1519624,"2014 Ottawa, Kansas Full Season Corn Performance Test, Franklin County"
DEKALB-DKC64-69 GENVT3P,166.2074761,"2014 Ottawa, Kansas Full Season Corn Performance Test, Franklin County"
GOLDEN ACRES-G4598,174.5759459,"2014 Ottawa, Kansas Full Season Corn Performance Test, Franklin County"
GOLDEN ACRES-G4655A,186.5305831,"2014 Ottawa, Kansas Full Season Corn Performance Test, Franklin County"
GOLDEN ACRES-G4678DG,202.9901292,"2014 Ottawa, Kansas Full Season Corn Performance Test, Franklin County"
GOLDEN ACRES-G5621,178.8224048,"2014 Ottawa, Kansas Full Season Corn Performance Test, Franklin County"
MAT CHECK-EARLY,186.3031195,"2014 Ottawa, Kansas Full Season Corn Performance Test, Franklin County"
MAT CHECK-LATE,174.3166151,"2014 Ottawa, Kansas Full Season Corn Performance Test, Franklin County"
MAT CHECK-MED,179.7948883,"2014 Ottawa, Kansas Full Season Corn Performance Test, Franklin County"
MIDLAND-115PRW,174.3465469,"2014 Ottawa, Kansas Full Season Corn Performance Test, Franklin County"
MIDLAND-344PRW,186.1910707,"2014 Ottawa, Kansas Full Season Corn Performance Test, Franklin County"
MIDLAND-425SS,177.0564235,"2014 Ottawa, Kansas Full Season Corn Performance Test, Franklin County"
MIDLAND-573PRW,166.4669105,"2014 Ottawa, Kansas Full Season Corn Performance Test, Franklin County"
MIDLAND-594PR DG,182.5558681,"2014 Ottawa, Kansas Full Season Corn Performance Test, Franklin County"
MIDLAND-653PRW,182.3773634,"2014 Ottawa, Kansas Full Season Corn Performance Test, Franklin County"
MYCOGEN-2C788,179.6497434,"2014 Ottawa, Kansas Full Season Corn Performance Test, Franklin County"
MYCOGEN-2D599,165.786407,"2014 Ottawa, Kansas Full Season Corn Performance Test, Franklin County"
MYCOGEN-2V709,178.0845244,"2014 Ottawa, Kansas Full Season Corn Performance Test, Franklin County"
MYCOGEN-2V717,196.692271,"2014 Ottawa, Kansas Full Season Corn Performance Test, Franklin County"
PHILLIPS-PSF003 VT2Pro,173.7244999,"2014 Ottawa, Kansas Full Season Corn Performance Test, Franklin County"
PHILLIPS-PSF053 VT2Pro,180.763115,"2014 Ottawa, Kansas Full Season Corn Performance Test, Franklin County"
PHILLIPS-PSF082 VT3Pro,181.1250704,"2014 Ottawa, Kansas Full Season Corn Performance Test, Franklin County"
PHILLIPS-PSF112 VT3Pro,170.5631207,"2014 Ottawa, Kansas Full Season Corn Performance Test, Franklin County"
AGRIGOLD-A6408VT3PRIB,239.1059867,"2014 Erie, Kansas Corn Performance Test, Neosho County"
AGRIGOLD-A6499STXRIB,242.3081403,"2014 Erie, Kansas Corn Performance Test, Neosho County"
AGRIGOLD-A6533VT3PRIB,242.4362161,"2014 Erie, Kansas Corn Performance Test, Neosho County"
AGVENTURE-AV RL6786HB,209.7823416,"2014 Erie, Kansas Corn Performance Test, Neosho County"
AGVENTURE-AV RL6991HB,214.3098685,"2014 Erie, Kansas Corn Performance Test, Neosho County"
AGVENTURE-RL7362HB,209.1649433,"2014 Erie, Kansas Corn Performance Test, Neosho County"
CHANNEL-211-98 VT2PRIB,231.187245,"2014 Erie, Kansas Corn Performance Test, Neosho County"
DEKALB-DKC53-78 SSRIB,207.0365453,"2014 Erie, Kansas Corn Performance Test, Neosho County"
DEKALB-DKC61-89 RIB,248.084383,"2014 Erie, Kansas Corn Performance Test, Neosho County"
DEKALB-DKC64-69 GENVT3P,253.3076632,"2014 Erie, Kansas Corn Performance Test, Neosho County"
GOLDEN ACRES-G4598,250.3500307,"2014 Erie, Kansas Corn Performance Test, Neosho County"
GOLDEN ACRES-G4655A,233.0543063,"2014 Erie, Kansas Corn Performance Test, Neosho County"
GOLDEN ACRES-G4678DG,253.414034,"2014 Erie, Kansas Corn Performance Test, Neosho County"
GOLDEN ACRES-G5621,259.426469,"2014 Erie, Kansas Corn Performance Test, Neosho County"
MAT CHECK-EARLY,211.6555649,"2014 Erie, Kansas Corn Performance Test, Neosho County"
MAT CHECK-LATE,266.3327012,"2014 Erie, Kansas Corn Performance Test, Neosho County"
MAT CHECK-MED,220.1556455,"2014 Erie, Kansas Corn Performance Test, Neosho County"
MIDLAND-534PRW,262.6091207,"2014 Erie, Kansas Corn Performance Test, Neosho County"
MIDLAND-573PRW,246.767732,"2014 Erie, Kansas Corn Performance Test, Neosho County"
MIDLAND-594PR DG,250.5019165,"2014 Erie, Kansas Corn Performance Test, Neosho County"
MIDLAND-624PRW,235.6338352,"2014 Erie, Kansas Corn Performance Test, Neosho County"
MIDLAND-653PRW,242.2687263,"2014 Erie, Kansas Corn Performance Test, Neosho County"
MIDLAND-714PRW,254.7080357,"2014 Erie, Kansas Corn Performance Test, Neosho County"
MIDLAND-735PRW,243.9917295,"2014 Erie, Kansas Corn Performance Test, Neosho County"
MYCOGEN-2C788,222.0550636,"2014 Erie, Kansas Corn Performance Test, Neosho County"
MYCOGEN-2D599,212.6328667,"2014 Erie, Kansas Corn Performance Test, Neosho County"
MYCOGEN-2V709,237.3510768,"2014 Erie, Kansas Corn Performance Test, Neosho County"
MYCOGEN-2V717,233.9389421,"2014 Erie, Kansas Corn Performance Test, Neosho County"
NUTECH/G2 GENETICS-5D-109,236.9814441,"2014 Erie, Kansas Corn Performance Test, Neosho County"
NUTECH/G2 GENETICS-5F-008,227.4414132,"2014 Erie, Kansas Corn Performance Test, Neosho County"
NUTECH/G2 GENETICS-5F-200,211.1624818,"2014 Erie, Kansas Corn Performance Test, Neosho County"
NUTECH/G2 GENETICS-5F-709,231.492207,"2014 Erie, Kansas Corn Performance Test, Neosho County"
NUTECH/G2 GENETICS-5F-805,218.9782696,"2014 Erie, Kansas Corn Performance Test, Neosho County"
NUTECH/G2 GENETICS-5H-903,210.9563534,"2014 Erie, Kansas Corn Performance Test, Neosho County"
NUTECH/G2 GENETICS-5H-905,221.9651155,"2014 Erie, Kansas Corn Performance Test, Neosho County"
NUTECH/G2 GENETICS-5X-698,184.3421331,"2014 Erie, Kansas Corn Performance Test, Neosho County"
NUTECH/G2 GENETICS-5Z-002,215.3296129,"2014 Erie, Kansas Corn Performance Test, Neosho County"
NUTECH/G2 GENETICS-5Z-0106,214.9684802,"2014 Erie, Kansas Corn Performance Test, Neosho County"
NUTECH/G2 GENETICS-5Z-707,200.8802907,"2014 Erie, Kansas Corn Performance Test, Neosho County"
AGRIGOLD-A6408VT3PRIB,204.2368976,"2014 Rossville, Kansas Dryland Corn Performance Test, Shawnee County"
AGRIGOLD-A6499STXRIB,212.9459478,"2014 Rossville, Kansas Dryland Corn Performance Test, Shawnee County"
AGRIGOLD-A6559STXRIB,185.9456483,"2014 Rossville, Kansas Dryland Corn Performance Test, Shawnee County"
DEKALB-DKC53-78 SSRIB,174.1108855,"2014 Rossville, Kansas Dryland Corn Performance Test, Shawnee County"
DEKALB-DKC61-89 RIB,198.182332,"2014 Rossville, Kansas Dryland Corn Performance Test, Shawnee County"
DEKALB-DKC64-69 GENVT3P,209.167049,"2014 Rossville, Kansas Dryland Corn Performance Test, Shawnee County"
GOLDEN ACRES-G4598,173.417794,"2014 Rossville, Kansas Dryland Corn Performance Test, Shawnee County"
GOLDEN ACRES-G4655A,218.6989466,"2014 Rossville, Kansas Dryland Corn Performance Test, Shawnee County"
GOLDEN ACRES-G4678DG,221.8411774,"2014 Rossville, Kansas Dryland Corn Performance Test, Shawnee County"
GOLDEN ACRES-G5621,191.8860466,"2014 Rossville, Kansas Dryland Corn Performance Test, Shawnee County"
GOLDEN HARVEST-G07B39-3111A,187.8551789,"2014 Rossville, Kansas Dryland Corn Performance Test, Shawnee County"
GOLDEN HARVEST-G11U58-3111,210.92,"2014 Rossville, Kansas Dryland Corn Performance Test, Shawnee County"
GOLDEN HARVEST-G12J11-3011A,195.2867296,"2014 Rossville, Kansas Dryland Corn Performance Test, Shawnee County"
GOLDEN HARVEST-G16K01-3111,233.6017716,"2014 Rossville, Kansas Dryland Corn Performance Test, Shawnee County"
MAT CHECK-LATE,201.7702614,"2014 Rossville, Kansas Dryland Corn Performance Test, Shawnee County"
MAT CHECK-MED,172.0459127,"2014 Rossville, Kansas Dryland Corn Performance Test, Shawnee County"
MIDLAND-344PRW,178.3430549,"2014 Rossville, Kansas Dryland Corn Performance Test, Shawnee County"
MIDLAND-425SS,177.5720943,"2014 Rossville, Kansas Dryland Corn Performance Test, Shawnee County"
MIDLAND-534PRW,200.2596589,"2014 Rossville, Kansas Dryland Corn Performance Test, Shawnee County"
MIDLAND-573PRW,215.3971279,"2014 Rossville, Kansas Dryland Corn Performance Test, Shawnee County"
MIDLAND-594PR DG,204.9933742,"2014 Rossville, Kansas Dryland Corn Performance Test, Shawnee County"
MIDLAND-653PRW,180.9650092,"2014 Rossville, Kansas Dryland Corn Performance Test, Shawnee County"
MIDLAND-714PRW,215.1500814,"2014 Rossville, Kansas Dryland Corn Performance Test, Shawnee County"
MIDLAND-735PRW,200.8087433,"2014 Rossville, Kansas Dryland Corn Performance Test, Shawnee County"
PHILLIPS-PSF082 VT3Pro,201.8425454,"2014 Rossville, Kansas Dryland Corn Performance Test, Shawnee County"
PHILLIPS-PSF112 VT3Pro,184.394412,"2014 Rossville, Kansas Dryland Corn Performance Test, Shawnee County"
PHILLIPS-PSF121 VT3Pro,165.7855504,"2014 Rossville, Kansas Dryland Corn Performance Test, Shawnee County"
PHILLIPS-PSF141 SS,176.3975508,"2014 Rossville, Kansas Dryland Corn Performance Test, Shawnee County"
PHILLIPS-PSF143 VT2Pro,185.5317991,"2014 Rossville, Kansas Dryland Corn Performance Test, Shawnee County"
UNITY-4814 VT2P-RIB,187.8096105,"2014 Rossville, Kansas Dryland Corn Performance Test, Shawnee County"
UNITY-5512 SS-RIB,201.7879161,"2014 Rossville, Kansas Dryland Corn Performance Test, Shawnee County"
UNITY-5514 SS-RIB,201.3190104,"2014 Rossville, Kansas Dryland Corn Performance Test, Shawnee County"
UNITY-5608 SS-RIB,175.5362149,"2014 Rossville, Kansas Dryland Corn Performance Test, Shawnee County"
AGRIGOLD-A6499STXRIB,235.4114835,"2014 Severance, Kansas Corn Performance Test, Doniphan County"
AGRIGOLD-A6517VT3PRIB,255.6581691,"2014 Severance, Kansas Corn Performance Test, Doniphan County"
AGRIGOLD-A6573VT3PRIB,240.8632342,"2014 Severance, Kansas Corn Performance Test, Doniphan County"
DEKALB-DKC53-78 SSRIB,185.1523998,"2014 Severance, Kansas Corn Performance Test, Doniphan County"
DEKALB-DKC61-89 RIB,248.6374484,"2014 Severance, Kansas Corn Performance Test, Doniphan County"
DEKALB-DKC64-69 GENVT3P,212.0734679,"2014 Severance, Kansas Corn Performance Test, Doniphan County"
GOLDEN ACRES-G4598,231.8110892,"2014 Severance, Kansas Corn Performance Test, Doniphan County"
GOLDEN ACRES-G4655A,232.5039548,"2014 Severance, Kansas Corn Performance Test, Doniphan County"
GOLDEN ACRES-G4678DG,253.9898419,"2014 Severance, Kansas Corn Performance Test, Doniphan County"
GOLDEN ACRES-G5621,196.866284,"2014 Severance, Kansas Corn Performance Test, Doniphan County"
LG SEEDS-LG5618STXRIB,240.8520342,"2014 Severance, Kansas Corn Performance Test, Doniphan County"
LG SEEDS-LG5630VT3PRIB,194.5176771,"2014 Severance, Kansas Corn Performance Test, Doniphan County"
LG SEEDS-LG5717VT2Pro,251.1547291,"2014 Severance, Kansas Corn Performance Test, Doniphan County"
MAT CHECK-LATE,250.6369248,"2014 Severance, Kansas Corn Performance Test, Doniphan County"
MAT CHECK-MED,193.2766344,"2014 Severance, Kansas Corn Performance Test, Doniphan County"
MIDLAND-534PRW,240.3096822,"2014 Severance, Kansas Corn Performance Test, Doniphan County"
MIDLAND-573PRW,206.6576183,"2014 Severance, Kansas Corn Performance Test, Doniphan County"
MIDLAND-594PR DG,199.8393246,"2014 Severance, Kansas Corn Performance Test, Doniphan County"
MIDLAND-624PRW,235.0486369,"2014 Severance, Kansas Corn Performance Test, Doniphan County"
MIDLAND-653PRW,218.1572637,"2014 Severance, Kansas Corn Performance Test, Doniphan County"
MIDLAND-714PRW,238.4538715,"2014 Severance, Kansas Corn Performance Test, Doniphan County"
MIDLAND-735PRW,254.7799797,"2014 Severance, Kansas Corn Performance Test, Doniphan County"
NUTECH/G2 GENETICS-3F-515,234.3833926,"2014 Severance, Kansas Corn Performance Test, Doniphan County"
NUTECH/G2 GENETICS-3F-814,224.4147008,"2014 Severance, Kansas Corn Performance Test, Doniphan County"
NUTECH/G2 GENETICS-5D-109,201.0492223,"2014 Severance, Kansas Corn Performance Test, Doniphan County"
NUTECH/G2 GENETICS-5F-008,216.805202,"2014 Severance, Kansas Corn Performance Test, Doniphan County"
NUTECH/G2 GENETICS-5F-709,205.1232299,"2014 Severance, Kansas Corn Performance Test, Doniphan County"
NUTECH/G2 GENETICS-5F-805,191.2021953,"2014 Severance, Kansas Corn Performance Test, Doniphan County"
NUTECH/G2 GENETICS-5F-811,220.5768119,"2014 Severance, Kansas Corn Performance Test, Doniphan County"
NUTECH/G2 GENETICS-5H-905,203.4892697,"2014 Severance, Kansas Corn Performance Test, Doniphan County"
NUTECH/G2 GENETICS-5Z-113,222.0195731,"2014 Severance, Kansas Corn Performance Test, Doniphan County"
NUTECH/G2 GENETICS-5Z-1209,221.1248407,"2014 Severance, Kansas Corn Performance Test, Doniphan County"
NUTECH/G2 GENETICS-5Z-707,169.940153,"2014 Severance, Kansas Corn Performance Test, Doniphan County"
PRODUCERS-7198STXRIB,209.7635237,"2014 Severance, Kansas Corn Performance Test, Doniphan County"
PRODUCERS-7213VT2RIB,215.5288719,"2014 Severance, Kansas Corn Performance Test, Doniphan County"
PRODUCERS-7224VT3PRIB,251.1240444,"2014 Severance, Kansas Corn Performance Test, Doniphan County"
PRODUCERS-7268STXRIB,219.1712992,"2014 Severance, Kansas Corn Performance Test, Doniphan County"
PRODUCERS-7574VT3PRIB,228.8041471,"2014 Severance, Kansas Corn Performance Test, Doniphan County"
PRODUCERS-7633VT2RIBD1,223.4314096,"2014 Severance, Kansas Corn Performance Test, Doniphan County"
AGRIGOLD-A6408VT3PRIB,180.8987333,"2014 Onaga, Kansas Dryland Corn Performance Test, Pottawatomie County"
AGRIGOLD-A6499STXRIB,193.4547591,"2014 Onaga, Kansas Dryland Corn Performance Test, Pottawatomie County"
AGRIGOLD-A6619VT2RIBD1,214.9704104,"2014 Onaga, Kansas Dryland Corn Performance Test, Pottawatomie County"
DEKALB-DKC53-78 SSRIB,183.8932532,"2014 Onaga, Kansas Dryland Corn Performance Test, Pottawatomie County"
DEKALB-DKC61-89 RIB,213.7964138,"2014 Onaga, Kansas Dryland Corn Performance Test, Pottawatomie County"
DEKALB-DKC64-69 GENVT3P,172.5813491,"2014 Onaga, Kansas Dryland Corn Performance Test, Pottawatomie County"
GOLDEN ACRES-G4598,208.237727,"2014 Onaga, Kansas Dryland Corn Performance Test, Pottawatomie County"
GOLDEN ACRES-G4655A,213.8307773,"2014 Onaga, Kansas Dryland Corn Performance Test, Pottawatomie County"
GOLDEN ACRES-G4678DG,227.7450647,"2014 Onaga, Kansas Dryland Corn Performance Test, Pottawatomie County"
GOLDEN ACRES-G5621,200.3045046,"2014 Onaga, Kansas Dryland Corn Performance Test, Pottawatomie County"
LG SEEDS-LG5618STXRIB,201.4903149,"2014 Onaga, Kansas Dryland Corn Performance Test, Pottawatomie County"
LG SEEDS-LG5630VT3PRIB,183.5509653,"2014 Onaga, Kansas Dryland Corn Performance Test, Pottawatomie County"
LG SEEDS-LG5717VT2Pro,246.9092037,"2014 Onaga, Kansas Dryland Corn Performance Test, Pottawatomie County"
MAT CHECK-LATE,208.3882354,"2014 Onaga, Kansas Dryland Corn Performance Test, Pottawatomie County"
MAT CHECK-MED,176.4634134,"2014 Onaga, Kansas Dryland Corn Performance Test, Pottawatomie County"
MIDLAND-344PRW,180.073008,"2014 Onaga, Kansas Dryland Corn Performance Test, Pottawatomie County"
MIDLAND-425SS,184.8900456,"2014 Onaga, Kansas Dryland Corn Performance Test, Pottawatomie County"
MIDLAND-534PRW,209.5178926,"2014 Onaga, Kansas Dryland Corn Performance Test, Pottawatomie County"
MIDLAND-573PRW,187.7895845,"2014 Onaga, Kansas Dryland Corn Performance Test, Pottawatomie County"
MIDLAND-594PR DG,195.249814,"2014 Onaga, Kansas Dryland Corn Performance Test, Pottawatomie County"
MIDLAND-653PRW,191.2990055,"2014 Onaga, Kansas Dryland Corn Performance Test, Pottawatomie County"
MIDLAND-714PRW,235.0883736,"2014 Onaga, Kansas Dryland Corn Performance Test, Pottawatomie County"
NUTECH/G2 GENETICS-3F-515,200.8747798,"2014 Onaga, Kansas Dryland Corn Performance Test, Pottawatomie County"
NUTECH/G2 GENETICS-3F-814,212.9177574,"2014 Onaga, Kansas Dryland Corn Performance Test, Pottawatomie County"
NUTECH/G2 GENETICS-5D-109,177.5148246,"2014 Onaga, Kansas Dryland Corn Performance Test, Pottawatomie County"
NUTECH/G2 GENETICS-5F-008,179.8628178,"2014 Onaga, Kansas Dryland Corn Performance Test, Pottawatomie County"
NUTECH/G2 GENETICS-5F-709,192.5230182,"2014 Onaga, Kansas Dryland Corn Performance Test, Pottawatomie County"
NUTECH/G2 GENETICS-5F-805,182.8467515,"2014 Onaga, Kansas Dryland Corn Performance Test, Pottawatomie County"
NUTECH/G2 GENETICS-5F-811,193.4464742,"2014 Onaga, Kansas Dryland Corn Performance Test, Pottawatomie County"
NUTECH/G2 GENETICS-5H-905,192.0736407,"2014 Onaga, Kansas Dryland Corn Performance Test, Pottawatomie County"
NUTECH/G2 GENETICS-5Z-113,194.7712861,"2014 Onaga, Kansas Dryland Corn Performance Test, Pottawatomie County"
NUTECH/G2 GENETICS-5Z-1209,173.4472608,"2014 Onaga, Kansas Dryland Corn Performance Test, Pottawatomie County"
NUTECH/G2 GENETICS-5Z-707,153.9905528,"2014 Onaga, Kansas Dryland Corn Performance Test, Pottawatomie County"
AGRIGOLD-A6517VT3PRIB,156.218262,"2014 Manhattan, Kansas Dryland Corn Performance Test, Riley County"
AGRIGOLD-A6553VT3PRIB,160.2885875,"2014 Manhattan, Kansas Dryland Corn Performance Test, Riley County"
AGRIGOLD-A6619VT2RIBD1,177.1111674,"2014 Manhattan, Kansas Dryland Corn Performance Test, Riley County"
DEKALB-DKC53-78 SSRIB,157.4111019,"2014 Manhattan, Kansas Dryland Corn Performance Test, Riley County"
DEKALB-DKC61-89 RIB,178.1265241,"2014 Manhattan, Kansas Dryland Corn Performance Test, Riley County"
DEKALB-DKC64-69 GENVT3P,174.3978728,"2014 Manhattan, Kansas Dryland Corn Performance Test, Riley County"
GOLDEN ACRES-G4598,181.6583331,"2014 Manhattan, Kansas Dryland Corn Performance Test, Riley County"
GOLDEN ACRES-G4655A,175.0876648,"2014 Manhattan, Kansas Dryland Corn Performance Test, Riley County"
GOLDEN ACRES-G4678DG,170.6914679,"2014 Manhattan, Kansas Dryland Corn Performance Test, Riley County"
GOLDEN ACRES-G5621,158.8655845,"2014 Manhattan, Kansas Dryland Corn Performance Test, Riley County"
LG SEEDS-LG5618STXRIB,145.7221002,"2014 Manhattan, Kansas Dryland Corn Performance Test, Riley County"
LG SEEDS-LG5622STX,127.08406,"2014 Manhattan, Kansas Dryland Corn Performance Test, Riley County"
LG SEEDS-LG5717VT2Pro,155.1607139,"2014 Manhattan, Kansas Dryland Corn Performance Test, Riley County"
MAT CHECK-MED,143.3507866,"2014 Manhattan, Kansas Dryland Corn Performance Test, Riley County"
MAT CHECK-LATE,167.935675,"2014 Manhattan, Kansas Dryland Corn Performance Test, Riley County"
MIDLAND-344PRW,152.8176302,"2014 Manhattan, Kansas Dryland Corn Performance Test, Riley County"
MIDLAND-425SS,151.0649201,"2014 Manhattan, Kansas Dryland Corn Performance Test, Riley County"
MIDLAND-534PRW,171.3567122,"2014 Manhattan, Kansas Dryland Corn Performance Test, Riley County"
MIDLAND-573PRW,150.0150216,"2014 Manhattan, Kansas Dryland Corn Performance Test, Riley County"
MIDLAND-594PR DG,160.5297692,"2014 Manhattan, Kansas Dryland Corn Performance Test, Riley County"
MIDLAND-653PRW,149.3077608,"2014 Manhattan, Kansas Dryland Corn Performance Test, Riley County"
MIDLAND-714PRW,167.0924594,"2014 Manhattan, Kansas Dryland Corn Performance Test, Riley County"
MIDLAND-735PRW,168.7689987,"2014 Manhattan, Kansas Dryland Corn Performance Test, Riley County"
NUTECH/G2 GENETICS-3F-515,146.9281623,"2014 Manhattan, Kansas Dryland Corn Performance Test, Riley County"
NUTECH/G2 GENETICS-3F-814,165.8922274,"2014 Manhattan, Kansas Dryland Corn Performance Test, Riley County"
NUTECH/G2 GENETICS-5D-109,155.9477764,"2014 Manhattan, Kansas Dryland Corn Performance Test, Riley County"
NUTECH/G2 GENETICS-5F-008,128.4811344,"2014 Manhattan, Kansas Dryland Corn Performance Test, Riley County"
NUTECH/G2 GENETICS-5F-709,156.9866069,"2014 Manhattan, Kansas Dryland Corn Performance Test, Riley County"
NUTECH/G2 GENETICS-5F-805,158.8115795,"2014 Manhattan, Kansas Dryland Corn Performance Test, Riley County"
NUTECH/G2 GENETICS-5F-811,152.7452143,"2014 Manhattan, Kansas Dryland Corn Performance Test, Riley County"
NUTECH/G2 GENETICS-5H-905,154.2021238,"2014 Manhattan, Kansas Dryland Corn Performance Test, Riley County"
NUTECH/G2 GENETICS-5Z-113,137.4952253,"2014 Manhattan, Kansas Dryland Corn Performance Test, Riley County"
NUTECH/G2 GENETICS-5Z-1209,162.2541192,"2014 Manhattan, Kansas Dryland Corn Performance Test, Riley County"
NUTECH/G2 GENETICS-5Z-707,135.3311868,"2014 Manhattan, Kansas Dryland Corn Performance Test, Riley County"
PHILLIPS-PSF053 VT2Pro,152.8940351,"2014 Manhattan, Kansas Dryland Corn Performance Test, Riley County"
PHILLIPS-PSF082 VT3Pro,172.858268,"2014 Manhattan, Kansas Dryland Corn Performance Test, Riley County"
PHILLIPS-PSF112 VT3Pro,149.4702363,"2014 Manhattan, Kansas Dryland Corn Performance Test, Riley County"
PHILLIPS-PSF133DGVT2Pro,159.8942891,"2014 Manhattan, Kansas Dryland Corn Performance Test, Riley County"
PHILLIPS-PSF141 SS,159.6414472,"2014 Manhattan, Kansas Dryland Corn Performance Test, Riley County"
PHILLIPS-PSF143 VT2Pro,169.5817557,"2014 Manhattan, Kansas Dryland Corn Performance Test, Riley County"
UNITY-5512 SS-RIB,155.1025664,"2014 Manhattan, Kansas Dryland Corn Performance Test, Riley County"
UNITY-5514 SS-RIB,161.5662984,"2014 Manhattan, Kansas Dryland Corn Performance Test, Riley County"
UNITY-5608 SS-RIB,179.8200127,"2014 Manhattan, Kansas Dryland Corn Performance Test, Riley County"
AGRIGOLD-A6499STXRIB,149.1950842,"2014 Manhattan, Kansas Irrigated Corn Performance Test, Riley County"
AGRIGOLD-A6517VT3PRIB,178.2249197,"2014 Manhattan, Kansas Irrigated Corn Performance Test, Riley County"
AGRIGOLD-A6533VT3PRIB,149.6836822,"2014 Manhattan, Kansas Irrigated Corn Performance Test, Riley County"
DEKALB-DKC53-78 SSRIB,142.8732815,"2014 Manhattan, Kansas Irrigated Corn Performance Test, Riley County"
DEKALB-DKC61-89 RIB,193.1970076,"2014 Manhattan, Kansas Irrigated Corn Performance Test, Riley County"
DEKALB-DKC64-69 GENVT3P,195.5855046,"2014 Manhattan, Kansas Irrigated Corn Performance Test, Riley County"
GOLDEN ACRES-G1518,173.9984091,"2014 Manhattan, Kansas Irrigated Corn Performance Test, Riley County"
GOLDEN ACRES-G4598,171.8991665,"2014 Manhattan, Kansas Irrigated Corn Performance Test, Riley County"
GOLDEN ACRES-G6611,179.6083905,"2014 Manhattan, Kansas Irrigated Corn Performance Test, Riley County"
LG SEEDS-LG2636VT3PRIB,178.7045748,"2014 Manhattan, Kansas Irrigated Corn Performance Test, Riley County"
LG SEEDS-LG5618STXRIB,201.0279476,"2014 Manhattan, Kansas Irrigated Corn Performance Test, Riley County"
LG SEEDS-LG5717VT2Pro,145.304328,"2014 Manhattan, Kansas Irrigated Corn Performance Test, Riley County"
MAT CHECK-LATE,151.5337312,"2014 Manhattan, Kansas Irrigated Corn Performance Test, Riley County"
MAT CHECK-MED,154.2542367,"2014 Manhattan, Kansas Irrigated Corn Performance Test, Riley County"
MIDLAND-534PRW,172.549273,"2014 Manhattan, Kansas Irrigated Corn Performance Test, Riley County"
MIDLAND-624PRW,168.5582164,"2014 Manhattan, Kansas Irrigated Corn Performance Test, Riley County"
MIDLAND-653PRW,193.8584328,"2014 Manhattan, Kansas Irrigated Corn Performance Test, Riley County"
MIDLAND-714PRW,185.0847912,"2014 Manhattan, Kansas Irrigated Corn Performance Test, Riley County"
MIDLAND-735PRW,210.3182519,"2014 Manhattan, Kansas Irrigated Corn Performance Test, Riley County"
NUTECH/G2 GENETICS-3F-515,166.8697396,"2014 Manhattan, Kansas Irrigated Corn Performance Test, Riley County"
NUTECH/G2 GENETICS-5D-109,164.9042823,"2014 Manhattan, Kansas Irrigated Corn Performance Test, Riley County"
NUTECH/G2 GENETICS-5F-709,177.5662215,"2014 Manhattan, Kansas Irrigated Corn Performance Test, Riley County"
NUTECH/G2 GENETICS-5F-811,156.5497712,"2014 Manhattan, Kansas Irrigated Corn Performance Test, Riley County"
NUTECH/G2 GENETICS-5H-216,157.5076331,"2014 Manhattan, Kansas Irrigated Corn Performance Test, Riley County"
NUTECH/G2 GENETICS-5Z-0906,146.7317802,"2014 Manhattan, Kansas Irrigated Corn Performance Test, Riley County"
NUTECH/G2 GENETICS-5Z-111,150.8138681,"2014 Manhattan, Kansas Irrigated Corn Performance Test, Riley County"
NUTECH/G2 GENETICS-5Z-1209,172.5859645,"2014 Manhattan, Kansas Irrigated Corn Performance Test, Riley County"
NUTECH/G2 GENETICS-5Z-510,141.459126,"2014 Manhattan, Kansas Irrigated Corn Performance Test, Riley County"
NUTECH/G2 GENETICS-5Z-713,143.7351124,"2014 Manhattan, Kansas Irrigated Corn Performance Test, Riley County"
PHILLIPS-PSF112 VT3Pro,145.9818462,"2014 Manhattan, Kansas Irrigated Corn Performance Test, Riley County"
PHILLIPS-PSF121 VT3Pro,179.7395165,"2014 Manhattan, Kansas Irrigated Corn Performance Test, Riley County"
PHILLIPS-PSF141 SS,179.7569045,"2014 Manhattan, Kansas Irrigated Corn Performance Test, Riley County"
PHILLIPS-PSF143 VT2Pro,161.9926954,"2014 Manhattan, Kansas Irrigated Corn Performance Test, Riley County"
UNITY-4814 VT2P-RIB,189.8940366,"2014 Manhattan, Kansas Irrigated Corn Performance Test, Riley County"
UNITY-5512 SS-RIB,150.8926875,"2014 Manhattan, Kansas Irrigated Corn Performance Test, Riley County"
UNITY-5514 SS-RIB,181.2688419,"2014 Manhattan, Kansas Irrigated Corn Performance Test, Riley County"
UNITY-5608 SS-RIB,198.1046078,"2014 Manhattan, Kansas Irrigated Corn Performance Test, Riley County"
-71PM50,118.698621,"2014 Manhattan, Kansas Irrigated Corn Performance Test, Riley County"
-71T77,182.3900609,"2014 Manhattan, Kansas Irrigated Corn Performance Test, Riley County"
AGRIGOLD-A6499STXRIB,205.1809175,"2014 Scandia, Kansas Irrigated Corn Performance Test, Republic County"
AGRIGOLD-A6517VT3PRIB,220.6793871,"2014 Scandia, Kansas Irrigated Corn Performance Test, Republic County"
AGRIGOLD-A6553VT3PRIB,210.0419484,"2014 Scandia, Kansas Irrigated Corn Performance Test, Republic County"
B-H GENETICS-BH 8550SS,194.5830038,"2014 Scandia, Kansas Irrigated Corn Performance Test, Republic County"
B-H GENETICS-BH 8650VTTP,222.3520992,"2014 Scandia, Kansas Irrigated Corn Performance Test, Republic County"
B-H GENETICS-BH 8700SS,185.0852102,"2014 Scandia, Kansas Irrigated Corn Performance Test, Republic County"
B-H GENETICS-BH 8732VTTP,199.106407,"2014 Scandia, Kansas Irrigated Corn Performance Test, Republic County"
B-H GENETICS-BH 8845VTTP,204.5601971,"2014 Scandia, Kansas Irrigated Corn Performance Test, Republic County"
DEKALB-DKC53-78 SSRIB,170.6752622,"2014 Scandia, Kansas Irrigated Corn Performance Test, Republic County"
DEKALB-DKC61-89 RIB,192.5048541,"2014 Scandia, Kansas Irrigated Corn Performance Test, Republic County"
DEKALB-DKC64-69 GENVT3P,185.482079,"2014 Scandia, Kansas Irrigated Corn Performance Test, Republic County"
GOLDEN ACRES-G1518,197.8842313,"2014 Scandia, Kansas Irrigated Corn Performance Test, Republic County"
GOLDEN ACRES-G4598,214.7759626,"2014 Scandia, Kansas Irrigated Corn Performance Test, Republic County"
GOLDEN ACRES-G6611,227.7035151,"2014 Scandia, Kansas Irrigated Corn Performance Test, Republic County"
GOLDEN HARVEST-G07B39-3111A,215.7992529,"2014 Scandia, Kansas Irrigated Corn Performance Test, Republic County"
GOLDEN HARVEST-G11U58-3111,220.5598754,"2014 Scandia, Kansas Irrigated Corn Performance Test, Republic County"
GOLDEN HARVEST-G13N18-3111,178.530109,"2014 Scandia, Kansas Irrigated Corn Performance Test, Republic County"
GOLDEN HARVEST-G14H66-5122A,194.5036301,"2014 Scandia, Kansas Irrigated Corn Performance Test, Republic County"
GOLDEN HARVEST-G16K01-3111,189.7109874,"2014 Scandia, Kansas Irrigated Corn Performance Test, Republic County"
LG SEEDS-LG2620VT3PRIB,198.0749989,"2014 Scandia, Kansas Irrigated Corn Performance Test, Republic County"
LG SEEDS-LG5618STXRIB,188.8838766,"2014 Scandia, Kansas Irrigated Corn Performance Test, Republic County"
LG SEEDS-LG5638VT2Pro,202.3968107,"2014 Scandia, Kansas Irrigated Corn Performance Test, Republic County"
MAT CHECK-LATE,213.9141258,"2014 Scandia, Kansas Irrigated Corn Performance Test, Republic County"
MAT CHECK-MED,205.810334,"2014 Scandia, Kansas Irrigated Corn Performance Test, Republic County"
MIDLAND-534PRW,185.3179196,"2014 Scandia, Kansas Irrigated Corn Performance Test, Republic County"
MIDLAND-624PRW,210.6074865,"2014 Scandia, Kansas Irrigated Corn Performance Test, Republic County"
MIDLAND-653PRW,204.6562574,"2014 Scandia, Kansas Irrigated Corn Performance Test, Republic County"
MIDLAND-714PRW,206.2500467,"2014 Scandia, Kansas Irrigated Corn Performance Test, Republic County"
MIDLAND-735PRW,227.281842,"2014 Scandia, Kansas Irrigated Corn Performance Test, Republic County"
MYCOGEN-2C788,213.6597689,"2014 Scandia, Kansas Irrigated Corn Performance Test, Republic County"
MYCOGEN-2C799,216.8356219,"2014 Scandia, Kansas Irrigated Corn Performance Test, Republic County"
MYCOGEN-2Y767,205.953297,"2014 Scandia, Kansas Irrigated Corn Performance Test, Republic County"
NUTECH/G2 GENETICS-3F-515,199.4518633,"2014 Scandia, Kansas Irrigated Corn Performance Test, Republic County"
NUTECH/G2 GENETICS-5D-109,198.1557696,"2014 Scandia, Kansas Irrigated Corn Performance Test, Republic County"
NUTECH/G2 GENETICS-5F-709,186.2419927,"2014 Scandia, Kansas Irrigated Corn Performance Test, Republic County"
NUTECH/G2 GENETICS-5F-811,201.1620074,"2014 Scandia, Kansas Irrigated Corn Performance Test, Republic County"
NUTECH/G2 GENETICS-5H-216,204.884457,"2014 Scandia, Kansas Irrigated Corn Performance Test, Republic County"
NUTECH/G2 GENETICS-5Z-0906,200.3971328,"2014 Scandia, Kansas Irrigated Corn Performance Test, Republic County"
NUTECH/G2 GENETICS-5Z-111,187.0131811,"2014 Scandia, Kansas Irrigated Corn Performance Test, Republic County"
NUTECH/G2 GENETICS-5Z-1209,202.7603065,"2014 Scandia, Kansas Irrigated Corn Performance Test, Republic County"
NUTECH/G2 GENETICS-5Z-510,215.9165096,"2014 Scandia, Kansas Irrigated Corn Performance Test, Republic County"
NUTECH/G2 GENETICS-5Z-713,208.8107529,"2014 Scandia, Kansas Irrigated Corn Performance Test, Republic County"
PHILLIPS-PSF112 VT3Pro,197.6551297,"2014 Scandia, Kansas Irrigated Corn Performance Test, Republic County"
PHILLIPS-PSF121 VT3Pro,178.1124947,"2014 Scandia, Kansas Irrigated Corn Performance Test, Republic County"
PHILLIPS-PSF141 SS,199.5014719,"2014 Scandia, Kansas Irrigated Corn Performance Test, Republic County"
PHILLIPS-PSF143 VT2Pro,182.130341,"2014 Scandia, Kansas Irrigated Corn Performance Test, Republic County"
-71PM50,173.0363528,"2014 Scandia, Kansas Irrigated Corn Performance Test, Republic County"
AGRIGOLD-A6499STXRIB,286.1527974,"2014 Topeka, Kansas IRRIGATED Corn Performance Test, Shawnee County"
AGRIGOLD-A6517VT3PRIB,276.0224161,"2014 Topeka, Kansas IRRIGATED Corn Performance Test, Shawnee County"
AGRIGOLD-A6533VT3PRIB,275.2470842,"2014 Topeka, Kansas IRRIGATED Corn Performance Test, Shawnee County"
DEKALB-DKC53-78 SSRIB,228.6519902,"2014 Topeka, Kansas IRRIGATED Corn Performance Test, Shawnee County"
DEKALB-DKC61-89 RIB,256.2830506,"2014 Topeka, Kansas IRRIGATED Corn Performance Test, Shawnee County"
DEKALB-DKC64-69 GENVT3P,301.1518188,"2014 Topeka, Kansas IRRIGATED Corn Performance Test, Shawnee County"
GOLDEN ACRES-G1518,253.4073999,"2014 Topeka, Kansas IRRIGATED Corn Performance Test, Shawnee County"
GOLDEN ACRES-G4598,254.8053585,"2014 Topeka, Kansas IRRIGATED Corn Performance Test, Shawnee County"
GOLDEN ACRES-G6611,288.7475995,"2014 Topeka, Kansas IRRIGATED Corn Performance Test, Shawnee County"
GOLDEN HARVEST-G07B39-3111A,256.4069569,"2014 Topeka, Kansas IRRIGATED Corn Performance Test, Shawnee County"
GOLDEN HARVEST-G11U58-3111,256.8912346,"2014 Topeka, Kansas IRRIGATED Corn Performance Test, Shawnee County"
GOLDEN HARVEST-G12J11-3011A,266.0514654,"2014 Topeka, Kansas IRRIGATED Corn Performance Test, Shawnee County"
GOLDEN HARVEST-G16K01-3111,287.6629205,"2014 Topeka, Kansas IRRIGATED Corn Performance Test, Shawnee County"
LG SEEDS-LG2602VT3PRIB,276.0072584,"2014 Topeka, Kansas IRRIGATED Corn Performance Test, Shawnee County"
LG SEEDS-LG5618STXRIB,279.1795287,"2014 Topeka, Kansas IRRIGATED Corn Performance Test, Shawnee County"
LG SEEDS-LG5717VT2Pro,272.5922836,"2014 Topeka, Kansas IRRIGATED Corn Performance Test, Shawnee County"
MAT CHECK-LATE,279.9851292,"2014 Topeka, Kansas IRRIGATED Corn Performance Test, Shawnee County"
MAT CHECK-MED,232.7596342,"2014 Topeka, Kansas IRRIGATED Corn Performance Test, Shawnee County"
MIDLAND-534PRW,256.1697324,"2014 Topeka, Kansas IRRIGATED Corn Performance Test, Shawnee County"
MIDLAND-624PRW,271.2956306,"2014 Topeka, Kansas IRRIGATED Corn Performance Test, Shawnee County"
MIDLAND-653PRW,272.8007385,"2014 Topeka, Kansas IRRIGATED Corn Performance Test, Shawnee County"
MIDLAND-714PRW,279.3840789,"2014 Topeka, Kansas IRRIGATED Corn Performance Test, Shawnee County"
MIDLAND-735PRW,306.5848305,"2014 Topeka, Kansas IRRIGATED Corn Performance Test, Shawnee County"
NUTECH/G2 GENETICS-3F-515,280.7389933,"2014 Topeka, Kansas IRRIGATED Corn Performance Test, Shawnee County"
NUTECH/G2 GENETICS-5D-109,239.2137193,"2014 Topeka, Kansas IRRIGATED Corn Performance Test, Shawnee County"
NUTECH/G2 GENETICS-5F-709,247.8294795,"2014 Topeka, Kansas IRRIGATED Corn Performance Test, Shawnee County"
NUTECH/G2 GENETICS-5F-811,238.3902951,"2014 Topeka, Kansas IRRIGATED Corn Performance Test, Shawnee County"
NUTECH/G2 GENETICS-5H-216,287.8347213,"2014 Topeka, Kansas IRRIGATED Corn Performance Test, Shawnee County"
NUTECH/G2 GENETICS-5Z-0906,261.7412379,"2014 Topeka, Kansas IRRIGATED Corn Performance Test, Shawnee County"
NUTECH/G2 GENETICS-5Z-111,257.2104564,"2014 Topeka, Kansas IRRIGATED Corn Performance Test, Shawnee County"
NUTECH/G2 GENETICS-5Z-1209,238.1002007,"2014 Topeka, Kansas IRRIGATED Corn Performance Test, Shawnee County"
NUTECH/G2 GENETICS-5Z-510,272.7436852,"2014 Topeka, Kansas IRRIGATED Corn Performance Test, Shawnee County"
NUTECH/G2 GENETICS-5Z-713,296.5501656,"2014 Topeka, Kansas IRRIGATED Corn Performance Test, Shawnee County"
PHILLIPS-PSF112 VT3Pro,244.5966464,"2014 Topeka, Kansas IRRIGATED Corn Performance Test, Shawnee County"
PHILLIPS-PSF141 SS,289.4543544,"2014 Topeka, Kansas IRRIGATED Corn Performance Test, Shawnee County"
PHILLIPS-PSF143 VT2Pro,244.6301441,"2014 Topeka, Kansas IRRIGATED Corn Performance Test, Shawnee County"
PHILLIPS-PSF163 VT2Pro,272.0339088,"2014 Topeka, Kansas IRRIGATED Corn Performance Test, Shawnee County"
PRODUCERS-7198STXRIB,265.9618411,"2014 Topeka, Kansas IRRIGATED Corn Performance Test, Shawnee County"
PRODUCERS-7213VT2RIB,266.7946963,"2014 Topeka, Kansas IRRIGATED Corn Performance Test, Shawnee County"
PRODUCERS-7224VT3PRIB,288.6051757,"2014 Topeka, Kansas IRRIGATED Corn Performance Test, Shawnee County"
PRODUCERS-7268STXRIB,290.8326704,"2014 Topeka, Kansas IRRIGATED Corn Performance Test, Shawnee County"
PRODUCERS-7574VT3PRIB,262.0863654,"2014 Topeka, Kansas IRRIGATED Corn Performance Test, Shawnee County"
PRODUCERS-7633VT2RIBD1,264.1728132,"2014 Topeka, Kansas IRRIGATED Corn Performance Test, Shawnee County"
UNITY-4814 VT2P-RIB,247.6806637,"2014 Topeka, Kansas IRRIGATED Corn Performance Test, Shawnee County"
UNITY-5512 SS-RIB,274.790085,"2014 Topeka, Kansas IRRIGATED Corn Performance Test, Shawnee County"
UNITY-5514 SS-RIB,284.3106233,"2014 Topeka, Kansas IRRIGATED Corn Performance Test, Shawnee County"
UNITY-5608 SS-RIB,245.9043436,"2014 Topeka, Kansas IRRIGATED Corn Performance Test, Shawnee County"
-71PM50,218.7343776,"2014 Topeka, Kansas IRRIGATED Corn Performance Test, Shawnee County"
-71T77,258.5841945,"2014 Topeka, Kansas IRRIGATED Corn Performance Test, Shawnee County"
AGRIGOLD-A6267STXRIB,175.297877,"2014 Ottawa, Kansas Short Season Corn Performance Test, Franklin County"
AGRIGOLD-A6358VT3PRIB,178.9278035,"2014 Ottawa, Kansas Short Season Corn Performance Test, Franklin County"
AGRIGOLD-A6408VT3PRIB,164.3825634,"2014 Ottawa, Kansas Short Season Corn Performance Test, Franklin County"
DEKALB-DKC53-78 SSRIB,171.3435775,"2014 Ottawa, Kansas Short Season Corn Performance Test, Franklin County"
DEKALB-DKC61-89 RIB,174.5328635,"2014 Ottawa, Kansas Short Season Corn Performance Test, Franklin County"
DEKALB-DKC64-69 GENVT3P,180.8160707,"2014 Ottawa, Kansas Short Season Corn Performance Test, Franklin County"
MAT CHECK-EARLY,168.3152321,"2014 Ottawa, Kansas Short Season Corn Performance Test, Franklin County"
MAT CHECK-LATE,174.239668,"2014 Ottawa, Kansas Short Season Corn Performance Test, Franklin County"
MAT CHECK-MED,183.7339185,"2014 Ottawa, Kansas Short Season Corn Performance Test, Franklin County"
MIDLAND-115PRW,174.1041944,"2014 Ottawa, Kansas Short Season Corn Performance Test, Franklin County"
MYCOGEN-2D599,166.8147585,"2014 Ottawa, Kansas Short Season Corn Performance Test, Franklin County"
MYCOGEN-2H568,174.9070366,"2014 Ottawa, Kansas Short Season Corn Performance Test, Franklin County"
MYCOGEN-2K595,156.0696555,"2014 Ottawa, Kansas Short Season Corn Performance Test, Franklin County"
MYCOGEN-2T498,166.1282412,"2014 Ottawa, Kansas Short Season Corn Performance Test, Franklin County"
AGRIGOLD-A6257STXRIB,178.5853696,"2014 Parsons, Kansas Short Season Corn Performance Test, Labette County"
AGRIGOLD-A6267STXRIB,186.4689956,"2014 Parsons, Kansas Short Season Corn Performance Test, Labette County"
AGRIGOLD-A6358VT3PRIB,179.1902064,"2014 Parsons, Kansas Short Season Corn Performance Test, Labette County"
AGRIGOLD-A6408VT3PRIB,189.5854382,"2014 Parsons, Kansas Short Season Corn Performance Test, Labette County"
AGVENTURE-AV RL6786HB,191.5266545,"2014 Parsons, Kansas Short Season Corn Performance Test, Labette County"
AGVENTURE-AV RL6991HB,173.2866692,"2014 Parsons, Kansas Short Season Corn Performance Test, Labette County"
AGVENTURE-RL7362HB,172.0960877,"2014 Parsons, Kansas Short Season Corn Performance Test, Labette County"
CHANNEL-211-98 VT2PRIB,188.8661305,"2014 Parsons, Kansas Short Season Corn Performance Test, Labette County"
DEKALB-DKC53-78 SSRIB,174.3887809,"2014 Parsons, Kansas Short Season Corn Performance Test, Labette County"
DEKALB-DKC61-89 RIB,213.3097944,"2014 Parsons, Kansas Short Season Corn Performance Test, Labette County"
DEKALB-DKC64-69 GENVT3P,195.7032422,"2014 Parsons, Kansas Short Season Corn Performance Test, Labette County"
MAT CHECK-EARLY,182.2645907,"2014 Parsons, Kansas Short Season Corn Performance Test, Labette County"
MAT CHECK-LATE,185.9799584,"2014 Parsons, Kansas Short Season Corn Performance Test, Labette County"
MAT CHECK-MED,189.1843032,"2014 Parsons, Kansas Short Season Corn Performance Test, Labette County"
MIDLAND-115PRW,172.5271121,"2014 Parsons, Kansas Short Season Corn Performance Test, Labette County"
MYCOGEN-2D599,179.1442039,"2014 Parsons, Kansas Short Season Corn Performance Test, Labette County"
MYCOGEN-2H568,172.9621681,"2014 Parsons, Kansas Short Season Corn Performance Test, Labette County"
MYCOGEN-2K595,171.6865595,"2014 Parsons, Kansas Short Season Corn Performance Test, Labette County"
MYCOGEN-2T498,171.00859,"2014 Parsons, Kansas Short Season Corn Performance Test, Labette County"
NUTECH/G2 GENETICS-5D-109,196.645071,"2014 Parsons, Kansas Short Season Corn Performance Test, Labette County"
NUTECH/G2 GENETICS-5F-008,185.7785921,"2014 Parsons, Kansas Short Season Corn Performance Test, Labette County"
NUTECH/G2 GENETICS-5F-200,160.0663423,"2014 Parsons, Kansas Short Season Corn Performance Test, Labette County"
NUTECH/G2 GENETICS-5F-709,187.9670539,"2014 Parsons, Kansas Short Season Corn Performance Test, Labette County"
NUTECH/G2 GENETICS-5F-805,172.3241185,"2014 Parsons, Kansas Short Season Corn Performance Test, Labette County"
NUTECH/G2 GENETICS-5H-903,176.5871911,"2014 Parsons, Kansas Short Season Corn Performance Test, Labette County"
NUTECH/G2 GENETICS-5H-905,177.7830669,"2014 Parsons, Kansas Short Season Corn Performance Test, Labette County"
NUTECH/G2 GENETICS-5X-698,150.3851569,"2014 Parsons, Kansas Short Season Corn Performance Test, Labette County"
NUTECH/G2 GENETICS-5Z-002,177.072462,"2014 Parsons, Kansas Short Season Corn Performance Test, Labette County"
NUTECH/G2 GENETICS-5Z-0106,170.6300422,"2014 Parsons, Kansas Short Season Corn Performance Test, Labette County"
NUTECH/G2 GENETICS-5Z-707,171.8782829,"2014 Parsons, Kansas Short Season Corn Performance Test, Labette County"
PRODUCERS-6108STXRIB,183.3289416,"2014 Parsons, Kansas Short Season Corn Performance Test, Labette County"
PRODUCERS-6424VT3PRIB,190.6593465,"2014 Parsons, Kansas Short Season Corn Performance Test, Labette County"
PRODUCERS-6624VT3PRIB,184.3300027,"2014 Parsons, Kansas Short Season Corn Performance Test, Labette County"
PRODUCERS-7014VT3PRIB,173.9599368,"2014 Parsons, Kansas Short Season Corn Performance Test, Labette County"
AGRIGOLD-A6499STXRIB,210.6276571,"2014 Inman, Kansas Irrigated Corn Performance Test, McPherson County"
AGRIGOLD-A6517VT3PRIB,247.7022401,"2014 Inman, Kansas Irrigated Corn Performance Test, McPherson County"
AGRIGOLD-A6573VT3PRIB,196.8853085,"2014 Inman, Kansas Irrigated Corn Performance Test, McPherson County"
ARMOR-0700,203.0042468,"2014 Inman, Kansas Irrigated Corn Performance Test, McPherson County"
ARMOR-1314,183.8361285,"2014 Inman, Kansas Irrigated Corn Performance Test, McPherson County"
ARMOR-1414,206.0023466,"2014 Inman, Kansas Irrigated Corn Performance Test, McPherson County"
ARMOR-1555,215.3354049,"2014 Inman, Kansas Irrigated Corn Performance Test, McPherson County"
ARMOR-1616,204.1927675,"2014 Inman, Kansas Irrigated Corn Performance Test, McPherson County"
ARMOR-AXC2108,208.9799899,"2014 Inman, Kansas Irrigated Corn Performance Test, McPherson County"
ARMOR-AXC3114,189.7734134,"2014 Inman, Kansas Irrigated Corn Performance Test, McPherson County"
ARMOR-AXC4110,208.0672223,"2014 Inman, Kansas Irrigated Corn Performance Test, McPherson County"
ARMOR-AXT3111,226.1380558,"2014 Inman, Kansas Irrigated Corn Performance Test, McPherson County"
ARMOR-AXT4109,194.9783567,"2014 Inman, Kansas Irrigated Corn Performance Test, McPherson County"
DEKALB-DKC53-78 SSRIB,207.2528549,"2014 Inman, Kansas Irrigated Corn Performance Test, McPherson County"
DEKALB-DKC61-89 RIB,209.5818191,"2014 Inman, Kansas Irrigated Corn Performance Test, McPherson County"
DEKALB-DKC64-69 GENVT3P,205.6595593,"2014 Inman, Kansas Irrigated Corn Performance Test, McPherson County"
LG SEEDS-LG5612STX,210.7165393,"2014 Inman, Kansas Irrigated Corn Performance Test, McPherson County"
LG SEEDS-LG5618STXRIB,214.524306,"2014 Inman, Kansas Irrigated Corn Performance Test, McPherson County"
LG SEEDS-LG5638VT2Pro,182.596262,"2014 Inman, Kansas Irrigated Corn Performance Test, McPherson County"
LG SEEDS-LG5717VT2Pro,189.0885309,"2014 Inman, Kansas Irrigated Corn Performance Test, McPherson County"
MAT CHECK-LATE,195.3952144,"2014 Inman, Kansas Irrigated Corn Performance Test, McPherson County"
MAT CHECK-MED,205.5547411,"2014 Inman, Kansas Irrigated Corn Performance Test, McPherson County"
MIDLAND-344PRW,204.7403872,"2014 Inman, Kansas Irrigated Corn Performance Test, McPherson County"
MIDLAND-573PRW,180.380213,"2014 Inman, Kansas Irrigated Corn Performance Test, McPherson County"
MIDLAND-594PR DG,222.6712984,"2014 Inman, Kansas Irrigated Corn Performance Test, McPherson County"
MIDLAND-622PR,227.6763821,"2014 Inman, Kansas Irrigated Corn Performance Test, McPherson County"
MIDLAND-624PRW,231.3749112,"2014 Inman, Kansas Irrigated Corn Performance Test, McPherson County"
MIDLAND-670PR,195.54541,"2014 Inman, Kansas Irrigated Corn Performance Test, McPherson County"
MIDLAND-779PR,202.0837058,"2014 Inman, Kansas Irrigated Corn Performance Test, McPherson County"
MYCOGEN-2C788,225.8946238,"2014 Inman, Kansas Irrigated Corn Performance Test, McPherson County"
MYCOGEN-2C799,205.040279,"2014 Inman, Kansas Irrigated Corn Performance Test, McPherson County"
MYCOGEN-2V709,219.7736399,"2014 Inman, Kansas Irrigated Corn Performance Test, McPherson County"
MYCOGEN-2Y767,246.0303331,"2014 Inman, Kansas Irrigated Corn Performance Test, McPherson County"
NUTECH/G2 GENETICS-3F-515,231.2184193,"2014 Inman, Kansas Irrigated Corn Performance Test, McPherson County"
NUTECH/G2 GENETICS-5D-109,204.795415,"2014 Inman, Kansas Irrigated Corn Performance Test, McPherson County"
NUTECH/G2 GENETICS-5F-709,187.458355,"2014 Inman, Kansas Irrigated Corn Performance Test, McPherson County"
NUTECH/G2 GENETICS-5F-811,219.6742215,"2014 Inman, Kansas Irrigated Corn Performance Test, McPherson County"
NUTECH/G2 GENETICS-5H-216,230.1978462,"2014 Inman, Kansas Irrigated Corn Performance Test, McPherson County"
NUTECH/G2 GENETICS-5Z-0906,233.8223229,"2014 Inman, Kansas Irrigated Corn Performance Test, McPherson County"
NUTECH/G2 GENETICS-5Z-111,199.5106915,"2014 Inman, Kansas Irrigated Corn Performance Test, McPherson County"
NUTECH/G2 GENETICS-5Z-1209,190.3862891,"2014 Inman, Kansas Irrigated Corn Performance Test, McPherson County"
NUTECH/G2 GENETICS-5Z-510,238.6682553,"2014 Inman, Kansas Irrigated Corn Performance Test, McPherson County"
NUTECH/G2 GENETICS-5Z-713,255.029951,"2014 Inman, Kansas Irrigated Corn Performance Test, McPherson County"
PHILLIPS-PSF141 SS,217.290634,"2014 Inman, Kansas Irrigated Corn Performance Test, McPherson County"
PHILLIPS-PSF143 VT2Pro,215.8437481,"2014 Inman, Kansas Irrigated Corn Performance Test, McPherson County"
PHILLIPS-PSF163 VT2Pro,214.8602012,"2014 Inman, Kansas Irrigated Corn Performance Test, McPherson County"
AGRIGOLD-A6517VT3PRIB,162.1823858,"2014 Hutchinson, Kansas Irrigated Corn Performance Test, Reno County"
AGRIGOLD-A6573VT3PRIB,163.4013662,"2014 Hutchinson, Kansas Irrigated Corn Performance Test, Reno County"
AGRIGOLD-A6619VT2RIBD1,163.4229068,"2014 Hutchinson, Kansas Irrigated Corn Performance Test, Reno County"
ARMOR-0700,140.2565721,"2014 Hutchinson, Kansas Irrigated Corn Performance Test, Reno County"
ARMOR-1314,138.4265366,"2014 Hutchinson, Kansas Irrigated Corn Performance Test, Reno County"
ARMOR-1414,168.9875772,"2014 Hutchinson, Kansas Irrigated Corn Performance Test, Reno County"
ARMOR-1555,158.9601241,"2014 Hutchinson, Kansas Irrigated Corn Performance Test, Reno County"
ARMOR-1616,154.6297151,"2014 Hutchinson, Kansas Irrigated Corn Performance Test, Reno County"
ARMOR-AXC2108,148.2202673,"2014 Hutchinson, Kansas Irrigated Corn Performance Test, Reno County"
ARMOR-AXC3114,165.2023126,"2014 Hutchinson, Kansas Irrigated Corn Performance Test, Reno County"
ARMOR-AXC4110,145.2633946,"2014 Hutchinson, Kansas Irrigated Corn Performance Test, Reno County"
ARMOR-AXT3111,154.932389,"2014 Hutchinson, Kansas Irrigated Corn Performance Test, Reno County"
ARMOR-AXT4109,148.2072847,"2014 Hutchinson, Kansas Irrigated Corn Performance Test, Reno County"
DEKALB-DKC53-78 SSRIB,150.0452369,"2014 Hutchinson, Kansas Irrigated Corn Performance Test, Reno County"
DEKALB-DKC61-89 RIB,150.7151612,"2014 Hutchinson, Kansas Irrigated Corn Performance Test, Reno County"
DEKALB-DKC64-69 GENVT3P,172.7611163,"2014 Hutchinson, Kansas Irrigated Corn Performance Test, Reno County"
GOLDEN ACRES-G4598,158.5011423,"2014 Hutchinson, Kansas Irrigated Corn Performance Test, Reno County"
GOLDEN ACRES-G5621,162.7263526,"2014 Hutchinson, Kansas Irrigated Corn Performance Test, Reno County"
GOLDEN ACRES-G6611,163.6666711,"2014 Hutchinson, Kansas Irrigated Corn Performance Test, Reno County"
GOLDEN ACRES-G7601,164.759398,"2014 Hutchinson, Kansas Irrigated Corn Performance Test, Reno County"
LG SEEDS-LG2602VT3PRIB,185.9878675,"2014 Hutchinson, Kansas Irrigated Corn Performance Test, Reno County"
LG SEEDS-LG5607VT2RIB,147.2966855,"2014 Hutchinson, Kansas Irrigated Corn Performance Test, Reno County"
LG SEEDS-LG5618STXRIB,158.5002218,"2014 Hutchinson, Kansas Irrigated Corn Performance Test, Reno County"
LG SEEDS-LG5638VT2Pro,180.5015199,"2014 Hutchinson, Kansas Irrigated Corn Performance Test, Reno County"
LG SEEDS-LG5717VT2Pro,153.0601927,"2014 Hutchinson, Kansas Irrigated Corn Performance Test, Reno County"
MAT CHECK-LATE,136.3081877,"2014 Hutchinson, Kansas Irrigated Corn Performance Test, Reno County"
MAT CHECK-MED,158.0165696,"2014 Hutchinson, Kansas Irrigated Corn Performance Test, Reno County"
MIDLAND-344PRW,139.6306042,"2014 Hutchinson, Kansas Irrigated Corn Performance Test, Reno County"
MIDLAND-573PRW,147.76027,"2014 Hutchinson, Kansas Irrigated Corn Performance Test, Reno County"
MIDLAND-594PR DG,162.2641298,"2014 Hutchinson, Kansas Irrigated Corn Performance Test, Reno County"
MIDLAND-622PR,168.5368803,"2014 Hutchinson, Kansas Irrigated Corn Performance Test, Reno County"
MIDLAND-624PRW,146.9190796,"2014 Hutchinson, Kansas Irrigated Corn Performance Test, Reno County"
MIDLAND-670PR,169.364999,"2014 Hutchinson, Kansas Irrigated Corn Performance Test, Reno County"
MIDLAND-779PR,184.8702233,"2014 Hutchinson, Kansas Irrigated Corn Performance Test, Reno County"
MYCOGEN-2C788,169.8435427,"2014 Hutchinson, Kansas Irrigated Corn Performance Test, Reno County"
MYCOGEN-2C799,179.1380145,"2014 Hutchinson, Kansas Irrigated Corn Performance Test, Reno County"
MYCOGEN-2V709,167.9878697,"2014 Hutchinson, Kansas Irrigated Corn Performance Test, Reno County"
MYCOGEN-2Y767,154.2708883,"2014 Hutchinson, Kansas Irrigated Corn Performance Test, Reno County"
NUTECH/G2 GENETICS-3F-515,162.0942992,"2014 Hutchinson, Kansas Irrigated Corn Performance Test, Reno County"
NUTECH/G2 GENETICS-5D-109,144.9807885,"2014 Hutchinson, Kansas Irrigated Corn Performance Test, Reno County"
NUTECH/G2 GENETICS-5F-709,168.424022,"2014 Hutchinson, Kansas Irrigated Corn Performance Test, Reno County"
NUTECH/G2 GENETICS-5F-811,160.3304414,"2014 Hutchinson, Kansas Irrigated Corn Performance Test, Reno County"
NUTECH/G2 GENETICS-5H-216,115.4045427,"2014 Hutchinson, Kansas Irrigated Corn Performance Test, Reno County"
NUTECH/G2 GENETICS-5Z-0906,122.6560123,"2014 Hutchinson, Kansas Irrigated Corn Performance Test, Reno County"
NUTECH/G2 GENETICS-5Z-111,151.1835779,"2014 Hutchinson, Kansas Irrigated Corn Performance Test, Reno County"
NUTECH/G2 GENETICS-5Z-1209,166.2522817,"2014 Hutchinson, Kansas Irrigated Corn Performance Test, Reno County"
NUTECH/G2 GENETICS-5Z-510,116.9430416,"2014 Hutchinson, Kansas Irrigated Corn Performance Test, Reno County"
NUTECH/G2 GENETICS-5Z-713,131.071414,"2014 Hutchinson, Kansas Irrigated Corn Performance Test, Reno County"
PHILLIPS-795 VT2Pro,144.6841902,"2014 Hutchinson, Kansas Irrigated Corn Performance Test, Reno County"
PHILLIPS-PSF112 VT3Pro,166.0151503,"2014 Hutchinson, Kansas Irrigated Corn Performance Test, Reno County"
PHILLIPS-PSF121 VT3Pro,150.7273577,"2014 Hutchinson, Kansas Irrigated Corn Performance Test, Reno County"
PHILLIPS-PSF133DGVT2Pro,163.9337092,"2014 Hutchinson, Kansas Irrigated Corn Performance Test, Reno County"
PHILLIPS-PSF141 SS,148.4882338,"2014 Hutchinson, Kansas Irrigated Corn Performance Test, Reno County"
PHILLIPS-PSF143 VT2Pro,152.8523346,"2014 Hutchinson, Kansas Irrigated Corn Performance Test, Reno County"
PHILLIPS-PSF163 VT2Pro,155.8127944,"2014 Hutchinson, Kansas Irrigated Corn Performance Test, Reno County"
PHILLIPS-PSF172VT3Pro,157.8635102,"2014 Hutchinson, Kansas Irrigated Corn Performance Test, Reno County"
AGRIGOLD-A6517VT3PRIB,232.1176344,"2014 Macksville, Kansas Irrigated Corn Performance Test, Stafford County"
AGRIGOLD-A6553VT3PRIB,224.9572063,"2014 Macksville, Kansas Irrigated Corn Performance Test, Stafford County"
AGRIGOLD-A6559STXRIB,228.0474624,"2014 Macksville, Kansas Irrigated Corn Performance Test, Stafford County"
ARMOR-0700,200.8588238,"2014 Macksville, Kansas Irrigated Corn Performance Test, Stafford County"
ARMOR-1314,213.1696788,"2014 Macksville, Kansas Irrigated Corn Performance Test, Stafford County"
ARMOR-1414,239.6593199,"2014 Macksville, Kansas Irrigated Corn Performance Test, Stafford County"
ARMOR-1555,239.3210211,"2014 Macksville, Kansas Irrigated Corn Performance Test, Stafford County"
ARMOR-1616,240.5751048,"2014 Macksville, Kansas Irrigated Corn Performance Test, Stafford County"
ARMOR-AXC2108,210.556967,"2014 Macksville, Kansas Irrigated Corn Performance Test, Stafford County"
ARMOR-AXC3114,248.4669028,"2014 Macksville, Kansas Irrigated Corn Performance Test, Stafford County"
ARMOR-AXC4110,227.4472697,"2014 Macksville, Kansas Irrigated Corn Performance Test, Stafford County"
ARMOR-AXT3111,219.0936669,"2014 Macksville, Kansas Irrigated Corn Performance Test, Stafford County"
ARMOR-AXT4109,217.9966889,"2014 Macksville, Kansas Irrigated Corn Performance Test, Stafford County"
DEKALB-DKC53-78 SSRIB,171.1400782,"2014 Macksville, Kansas Irrigated Corn Performance Test, Stafford County"
DEKALB-DKC61-89 RIB,230.7010938,"2014 Macksville, Kansas Irrigated Corn Performance Test, Stafford County"
DEKALB-DKC64-69 GENVT3P,193.3160642,"2014 Macksville, Kansas Irrigated Corn Performance Test, Stafford County"
GOLDEN ACRES-G4598,242.9522485,"2014 Macksville, Kansas Irrigated Corn Performance Test, Stafford County"
GOLDEN ACRES-G5621,228.1586944,"2014 Macksville, Kansas Irrigated Corn Performance Test, Stafford County"
GOLDEN ACRES-G6611,252.0409032,"2014 Macksville, Kansas Irrigated Corn Performance Test, Stafford County"
GOLDEN ACRES-G7601,243.0014975,"2014 Macksville, Kansas Irrigated Corn Performance Test, Stafford County"
LG SEEDS-LG2636VT3PRIB,232.0188297,"2014 Macksville, Kansas Irrigated Corn Performance Test, Stafford County"
LG SEEDS-LG5607VT2RIB,258.9972781,"2014 Macksville, Kansas Irrigated Corn Performance Test, Stafford County"
LG SEEDS-LG5618STXRIB,247.091768,"2014 Macksville, Kansas Irrigated Corn Performance Test, Stafford County"
LG SEEDS-LG5638VT2Pro,251.0261602,"2014 Macksville, Kansas Irrigated Corn Performance Test, Stafford County"
LG SEEDS-LG5717VT2Pro,231.5272608,"2014 Macksville, Kansas Irrigated Corn Performance Test, Stafford County"
MAT CHECK-LATE,236.1845845,"2014 Macksville, Kansas Irrigated Corn Performance Test, Stafford County"
MAT CHECK-MED,215.4974201,"2014 Macksville, Kansas Irrigated Corn Performance Test, Stafford County"
MIDLAND-344PRW,190.7334865,"2014 Macksville, Kansas Irrigated Corn Performance Test, Stafford County"
MIDLAND-573PRW,226.2017777,"2014 Macksville, Kansas Irrigated Corn Performance Test, Stafford County"
MIDLAND-594PR DG,230.0628335,"2014 Macksville, Kansas Irrigated Corn Performance Test, Stafford County"
MIDLAND-622PR,226.7619269,"2014 Macksville, Kansas Irrigated Corn Performance Test, Stafford County"
MIDLAND-624PRW,238.2542675,"2014 Macksville, Kansas Irrigated Corn Performance Test, Stafford County"
MIDLAND-670PR,214.6657113,"2014 Macksville, Kansas Irrigated Corn Performance Test, Stafford County"
MIDLAND-779PR,220.4471691,"2014 Macksville, Kansas Irrigated Corn Performance Test, Stafford County"
MYCOGEN-2C788,211.9769645,"2014 Macksville, Kansas Irrigated Corn Performance Test, Stafford County"
MYCOGEN-2C799,235.9073483,"2014 Macksville, Kansas Irrigated Corn Performance Test, Stafford County"
MYCOGEN-2V709,238.5299772,"2014 Macksville, Kansas Irrigated Corn Performance Test, Stafford County"
MYCOGEN-2Y767,219.6699256,"2014 Macksville, Kansas Irrigated Corn Performance Test, Stafford County"
PHILLIPS-PSF141 SS,247.204074,"2014 Macksville, Kansas Irrigated Corn Performance Test, Stafford County"
PHILLIPS-PSF143 VT2Pro,230.1466027,"2014 Macksville, Kansas Irrigated Corn Performance Test, Stafford County"
PHILLIPS-PSF163 VT2Pro,221.5852646,"2014 Macksville, Kansas Irrigated Corn Performance Test, Stafford County"
PRODUCERS-7198STXRIB,223.0951052,"2014 Macksville, Kansas Irrigated Corn Performance Test, Stafford County"
PRODUCERS-7213VT2RIB,258.2573166,"2014 Macksville, Kansas Irrigated Corn Performance Test, Stafford County"
PRODUCERS-7224VT3PRIB,224.3330795,"2014 Macksville, Kansas Irrigated Corn Performance Test, Stafford County"
PRODUCERS-7268STXRIB,237.348762,"2014 Macksville, Kansas Irrigated Corn Performance Test, Stafford County"
PRODUCERS-7574VT3PRIB,221.1188571,"2014 Macksville, Kansas Irrigated Corn Performance Test, Stafford County"
PRODUCERS-7633VT2RIBD1,245.0346657,"2014 Macksville, Kansas Irrigated Corn Performance Test, Stafford County"
DEKALB-DKC53-78 SSRIB,97.32179332,"2014 Hays, Kansas Dryland Corn Performance Test, Ellis County"
DEKALB-DKC61-89 RIB,97.93941223,"2014 Hays, Kansas Dryland Corn Performance Test, Ellis County"
DEKALB-DKC64-69 GENVT3P,71.19191941,"2014 Hays, Kansas Dryland Corn Performance Test, Ellis County"
GOLDEN ACRES-G4655A,98.88704445,"2014 Hays, Kansas Dryland Corn Performance Test, Ellis County"
GOLDEN ACRES-G4678DG,61.856,"2014 Hays, Kansas Dryland Corn Performance Test, Ellis County"
MAT CHECK-LATE,79.17272401,"2014 Hays, Kansas Dryland Corn Performance Test, Ellis County"
MAT CHECK-MED,88.50597675,"2014 Hays, Kansas Dryland Corn Performance Test, Ellis County"
MIDLAND-115PRW,70.52540744,"2014 Hays, Kansas Dryland Corn Performance Test, Ellis County"
MIDLAND-425SS,98.25924852,"2014 Hays, Kansas Dryland Corn Performance Test, Ellis County"
MIDLAND-594PR DG,108.4666502,"2014 Hays, Kansas Dryland Corn Performance Test, Ellis County"
PHILLIPS-PSF003 VT2Pro,106.6489301,"2014 Hays, Kansas Dryland Corn Performance Test, Ellis County"
PHILLIPS-PSF053 VT2Pro,73.80089744,"2014 Hays, Kansas Dryland Corn Performance Test, Ellis County"
PHILLIPS-PSF082 VT3Pro,99.81197267,"2014 Hays, Kansas Dryland Corn Performance Test, Ellis County"
PHILLIPS-PSF112 VT3Pro,80.03496076,"2014 Hays, Kansas Dryland Corn Performance Test, Ellis County"
PHILLIPS-PSF133DGVT2Pro,57.876617,"2014 Hays, Kansas Dryland Corn Performance Test, Ellis County"
PHILLIPS-PSF141 SS,72.12674542,"2014 Hays, Kansas Dryland Corn Performance Test, Ellis County"
UNITY-4814 VT2P-RIB,72.26303085,"2014 Hays, Kansas Dryland Corn Performance Test, Ellis County"
UNITY-5512 SS-RIB,67.65,"2014 Hays, Kansas Dryland Corn Performance Test, Ellis County"
UNITY-5514 SS-RIB,84.108,"2014 Hays, Kansas Dryland Corn Performance Test, Ellis County"
UNITY-5608 SS-RIB,76.20064497,"2014 Hays, Kansas Dryland Corn Performance Test, Ellis County"
AGRIGOLD-A6499STXRIB,202.3277145,"2014 Garden City, Kansas Irrigated Corn Performance Test, Finney County"
AGRIGOLD-A6517VT3PRIB,204.2884171,"2014 Garden City, Kansas Irrigated Corn Performance Test, Finney County"
AGRIGOLD-A6574STX,212.3919689,"2014 Garden City, Kansas Irrigated Corn Performance Test, Finney County"
DEKALB-DKC53-78 SSRIB,180.95,"2014 Garden City, Kansas Irrigated Corn Performance Test, Finney County"
DEKALB-DKC61-89 RIB,205.248626,"2014 Garden City, Kansas Irrigated Corn Performance Test, Finney County"
DEKALB-DKC64-69 GENVT3P,207.2844098,"2014 Garden City, Kansas Irrigated Corn Performance Test, Finney County"
GOLDEN ACRES-G1518,178.75,"2014 Garden City, Kansas Irrigated Corn Performance Test, Finney County"
GOLDEN ACRES-G4598,200.8676315,"2014 Garden City, Kansas Irrigated Corn Performance Test, Finney County"
GOLDEN ACRES-G5621,225.2642914,"2014 Garden City, Kansas Irrigated Corn Performance Test, Finney County"
GOLDEN ACRES-G7601,232.2023444,"2014 Garden City, Kansas Irrigated Corn Performance Test, Finney County"
LG SEEDS-LG2602VT3PRIB,182.8609935,"2014 Garden City, Kansas Irrigated Corn Performance Test, Finney County"
LG SEEDS-LG2636VT3PRIB,218.2824887,"2014 Garden City, Kansas Irrigated Corn Performance Test, Finney County"
LG SEEDS-LG2642VT3PRIB,185.4003261,"2014 Garden City, Kansas Irrigated Corn Performance Test, Finney County"
LG SEEDS-LG5618STXRIB,190.5899735,"2014 Garden City, Kansas Irrigated Corn Performance Test, Finney County"
LG SEEDS-LG5630VT3PRIB,198.5441602,"2014 Garden City, Kansas Irrigated Corn Performance Test, Finney County"
LG SEEDS-LG5701VT3PRIB,197.52,"2014 Garden City, Kansas Irrigated Corn Performance Test, Finney County"
MAT CHECK-LATE,233.0957,"2014 Garden City, Kansas Irrigated Corn Performance Test, Finney County"
MAT CHECK-MED,197.355,"2014 Garden City, Kansas Irrigated Corn Performance Test, Finney County"
MIDLAND-344PRW,189.0894641,"2014 Garden City, Kansas Irrigated Corn Performance Test, Finney County"
MIDLAND-573PRW,193.915,"2014 Garden City, Kansas Irrigated Corn Performance Test, Finney County"
MIDLAND-594PR DG,225.0079575,"2014 Garden City, Kansas Irrigated Corn Performance Test, Finney County"
MIDLAND-622PR,199.99,"2014 Garden City, Kansas Irrigated Corn Performance Test, Finney County"
MIDLAND-624PRW,210.501012,"2014 Garden City, Kansas Irrigated Corn Performance Test, Finney County"
MIDLAND-670PR,197.9111613,"2014 Garden City, Kansas Irrigated Corn Performance Test, Finney County"
MIDLAND-779PR,192.51,"2014 Garden City, Kansas Irrigated Corn Performance Test, Finney County"
MYCOGEN-2C788,237.395385,"2014 Garden City, Kansas Irrigated Corn Performance Test, Finney County"
MYCOGEN-2C799,236.9516585,"2014 Garden City, Kansas Irrigated Corn Performance Test, Finney County"
MYCOGEN-2V709,214.915,"2014 Garden City, Kansas Irrigated Corn Performance Test, Finney County"
MYCOGEN-2Y767,203.8186319,"2014 Garden City, Kansas Irrigated Corn Performance Test, Finney County"
-71T77,193.9344555,"2014 Garden City, Kansas Irrigated Corn Performance Test, Finney County"
-73B33,210.4925615,"2014 Garden City, Kansas Irrigated Corn Performance Test, Finney County"
DEKALB-DKC53-78 SSRIB,202.3231953,"2014 Tribune, Kansas Irrigated Corn Performance Test, Greeley County"
DEKALB-DKC61-89 RIB,259.6048003,"2014 Tribune, Kansas Irrigated Corn Performance Test, Greeley County"
DEKALB-DKC64-69 GENVT3P,272.264645,"2014 Tribune, Kansas Irrigated Corn Performance Test, Greeley County"
GOLDEN ACRES-G1518,233.0844744,"2014 Tribune, Kansas Irrigated Corn Performance Test, Greeley County"
GOLDEN ACRES-G4598,235.3995095,"2014 Tribune, Kansas Irrigated Corn Performance Test, Greeley County"
GOLDEN ACRES-G5621,260.2571919,"2014 Tribune, Kansas Irrigated Corn Performance Test, Greeley County"
LG SEEDS-LG2602VT3PRIB,254.6688804,"2014 Tribune, Kansas Irrigated Corn Performance Test, Greeley County"
LG SEEDS-LG2636VT3PRIB,231.8941312,"2014 Tribune, Kansas Irrigated Corn Performance Test, Greeley County"
LG SEEDS-LG5603STX,235.5045767,"2014 Tribune, Kansas Irrigated Corn Performance Test, Greeley County"
LG SEEDS-LG5612STX,221.1578407,"2014 Tribune, Kansas Irrigated Corn Performance Test, Greeley County"
LG SEEDS-LG5618STXRIB,258.9835607,"2014 Tribune, Kansas Irrigated Corn Performance Test, Greeley County"
MAT CHECK-LATE,247.0508806,"2014 Tribune, Kansas Irrigated Corn Performance Test, Greeley County"
MAT CHECK-MED,253.8527162,"2014 Tribune, Kansas Irrigated Corn Performance Test, Greeley County"
MYCOGEN-2C788,252.18388,"2014 Tribune, Kansas Irrigated Corn Performance Test, Greeley County"
MYCOGEN-2C799,253.0230368,"2014 Tribune, Kansas Irrigated Corn Performance Test, Greeley County"
MYCOGEN-2V709,259.8881177,"2014 Tribune, Kansas Irrigated Corn Performance Test, Greeley County"
MYCOGEN-2Y767,237.3173102,"2014 Tribune, Kansas Irrigated Corn Performance Test, Greeley County"
PHILLIPS-PSF143 VT2Pro,248.1620154,"2014 Tribune, Kansas Irrigated Corn Performance Test, Greeley County"
PHILLIPS-PSF163 VT2Pro,230.9051145,"2014 Tribune, Kansas Irrigated Corn Performance Test, Greeley County"
PRODUCERS-7198STXRIB,235.311012,"2014 Tribune, Kansas Irrigated Corn Performance Test, Greeley County"
PRODUCERS-7213VT2RIB,252.3260826,"2014 Tribune, Kansas Irrigated Corn Performance Test, Greeley County"
PRODUCERS-7224VT3PRIB,235.6271342,"2014 Tribune, Kansas Irrigated Corn Performance Test, Greeley County"
PRODUCERS-7268STXRIB,250.0137046,"2014 Tribune, Kansas Irrigated Corn Performance Test, Greeley County"
PRODUCERS-7574VT3PRIB,234.1344351,"2014 Tribune, Kansas Irrigated Corn Performance Test, Greeley County"
PRODUCERS-7633VT2RIBD1,238.7821211,"2014 Tribune, Kansas Irrigated Corn Performance Test, Greeley County"
-71T77,179.8815355,"2014 Tribune, Kansas Irrigated Corn Performance Test, Greeley County"
-73B33,173.568821,"2014 Tribune, Kansas Irrigated Corn Performance Test, Greeley County"
B-H GENETICS-BH 8550SS,261.3012741,"2014  Colby, Kansas Irrigated Corn Performance Test, Thomas County"
B-H GENETICS-BH 8688DG2P,315.2683625,"2014  Colby, Kansas Irrigated Corn Performance Test, Thomas County"
B-H GENETICS-BH 8700SS,297.4452048,"2014  Colby, Kansas Irrigated Corn Performance Test, Thomas County"
B-H GENETICS-XP 7810VT2P,282.9439961,"2014  Colby, Kansas Irrigated Corn Performance Test, Thomas County"
DEKALB-DKC53-78 SSRIB,286.738935,"2014  Colby, Kansas Irrigated Corn Performance Test, Thomas County"
DEKALB-DKC61-89 RIB,298.3717408,"2014  Colby, Kansas Irrigated Corn Performance Test, Thomas County"
DEKALB-DKC64-69 GENVT3P,294.758604,"2014  Colby, Kansas Irrigated Corn Performance Test, Thomas County"
GOLDEN ACRES-G1518,258.4367622,"2014  Colby, Kansas Irrigated Corn Performance Test, Thomas County"
GOLDEN ACRES-G4598,303.8218958,"2014  Colby, Kansas Irrigated Corn Performance Test, Thomas County"
GOLDEN ACRES-G5621,321.7491924,"2014  Colby, Kansas Irrigated Corn Performance Test, Thomas County"
LG SEEDS-LG2602VT3PRIB,263.9372018,"2014  Colby, Kansas Irrigated Corn Performance Test, Thomas County"
LG SEEDS-LG2636VT3PRIB,270.7761195,"2014  Colby, Kansas Irrigated Corn Performance Test, Thomas County"
LG SEEDS-LG2642VT3PRIB,287.8825467,"2014  Colby, Kansas Irrigated Corn Performance Test, Thomas County"
LG SEEDS-LG5618STXRIB,290.0424212,"2014  Colby, Kansas Irrigated Corn Performance Test, Thomas County"
LG SEEDS-LG5630VT3PRIB,229.8476678,"2014  Colby, Kansas Irrigated Corn Performance Test, Thomas County"
MAT CHECK-LATE,267.5970634,"2014  Colby, Kansas Irrigated Corn Performance Test, Thomas County"
MAT CHECK-MED,258.2853977,"2014  Colby, Kansas Irrigated Corn Performance Test, Thomas County"
MIDLAND-534PRW,281.3910527,"2014  Colby, Kansas Irrigated Corn Performance Test, Thomas County"
MIDLAND-573PRW,271.6070251,"2014  Colby, Kansas Irrigated Corn Performance Test, Thomas County"
MIDLAND-594PR DG,265.6971542,"2014  Colby, Kansas Irrigated Corn Performance Test, Thomas County"
PHILLIPS-PSF143 VT2Pro,329.1358919,"2014  Colby, Kansas Irrigated Corn Performance Test, Thomas County"
PHILLIPS-PSF163 VT2Pro,280.890039,"2014  Colby, Kansas Irrigated Corn Performance Test, Thomas County"
PRODUCERS-7198STXRIB,280.3717054,"2014  Colby, Kansas Irrigated Corn Performance Test, Thomas County"
PRODUCERS-7213VT2RIB,279.2005678,"2014  Colby, Kansas Irrigated Corn Performance Test, Thomas County"
PRODUCERS-7224VT3PRIB,285.0850295,"2014  Colby, Kansas Irrigated Corn Performance Test, Thomas County"
PRODUCERS-7268STXRIB,276.4516713,"2014  Colby, Kansas Irrigated Corn Performance Test, Thomas County"
PRODUCERS-7574VT3PRIB,271.546709,"2014  Colby, Kansas Irrigated Corn Performance Test, Thomas County"
PRODUCERS-7633VT2RIBD1,297.1826274,"2014  Colby, Kansas Irrigated Corn Performance Test, Thomas County"
UNITY-4814 VT2P-RIB,261.1188183,"2014  Colby, Kansas Irrigated Corn Performance Test, Thomas County"
UNITY-5512 SS-RIB,278.0462416,"2014  Colby, Kansas Irrigated Corn Performance Test, Thomas County"
UNITY-5514 SS-RIB,302.6692807,"2014  Colby, Kansas Irrigated Corn Performance Test, Thomas County"
UNITY-5608 SS-RIB,260.1524688,"2014  Colby, Kansas Irrigated Corn Performance Test, Thomas County"
-71T77,266.949686,"2014  Colby, Kansas Irrigated Corn Performance Test, Thomas County"
-73B33,271.025043,"2014  Colby, Kansas Irrigated Corn Performance Test, Thomas County"
