Brand-Hybrid,Yield,Location,,,
Lewis R1414VT2P,202.2,"Craig, Missouri",,,
Midland 714PRW,217.0*,"Craig, Missouri",,,
MFA MorCorn XP-604DGVT2P,210.2*,"Craig, Missouri",,,
Midland 534PRW,194.9,"Craig, Missouri",,,
Channel 213-57 VT2PRIB Brand Blend,203.9,"Craig, Missouri",,,
Syngenta NK Seeds NK N74R-3000GT,199.0,"Craig, Missouri",,,
Producers Hybrids 7268STXRIB,201.7,"Craig, Missouri",,,
Golden Acres G4598,210.9*,"Craig, Missouri",,,
AgriGold A6559VT2RIB,210.1*,"Craig, Missouri",,,
Midland 594PR DG,203.8,"Craig, Missouri",,,
AgriGold A6499STXRIB,208.4*,"Craig, Missouri",,,
Golden Harvest G16K01-3111,204.0,"Craig, Missouri",,,
Golden Harvest G10S30-3110,206.7*,"Craig, Missouri",,,
Channel 210-93 VT2PRIB Brand Blend,190.3,"Craig, Missouri",,,
Channel 217-07VT2PRIB Brand Blend,197.3,"Craig, Missouri",,,
Green Valley Seed GV8332VT2Pro,197.1,"Craig, Missouri",,,
LG Seeds LG5618STXRIB,200.5,"Craig, Missouri",,,
Merschman Seeds M - 1314D - 16,209.0*,"Craig, Missouri",,,
NuTech/G2 Genetics 5Z-111,190.5,"Craig, Missouri",,,
NuTech/G2 Genetics 3F-515,190.9,"Craig, Missouri",,,
Producers Hybrids 7633VT2RIBD1,200.7,"Craig, Missouri",,,
MFA MorCorn XP-605SmartStax,205.4*,"Craig, Missouri",,,
MFA MorCorn XP-606DGVT2P,210.6*,"Craig, Missouri",,,
Channel 215-52 VT3PRIB Brand Blend,202.4,"Craig, Missouri",,,
Merschman Seeds M - 1413K - 16,201.5,"Craig, Missouri",,,
Midland 624PRW,212.9*,"Craig, Missouri",,,
Producers Hybrids 7014VT3PRIB,199.4,"Craig, Missouri",,,
Dekalb DKC61-89GENVT2PRIB,196.2,"Craig, Missouri",,,
Mycogen 2V717,194.9,"Craig, Missouri",,,
LG Seeds LG5622STX,205.3,"Craig, Missouri",,,
LG Seeds LG5607VT2PRIB,193.0,"Craig, Missouri",,,
Syngenta NK Seeds NK N70J-3011A,184.6,"Craig, Missouri",,,
MFA MorCorn MC3859SmartStaxRIB,202.6,"Craig, Missouri",,,
Merschman Seeds M - 1212K - 17,205.3,"Craig, Missouri",,,
Merschman Seeds M - 1213F - 16,185.4,"Craig, Missouri",,,
AgriGold A6533VT3PRIB,191.5,"Craig, Missouri",,,
MFA MorCorn MC4344VT2PRIB,206.2*,"Craig, Missouri",,,
Golden Acres G5621,191.7,"Craig, Missouri",,,
MFA MorCorn MC3544VT2PRIB,200.1,"Craig, Missouri",,,
Lewis R1409VT2P,205.1,"Craig, Missouri",,,
Dekalb DKC65-79GENSSRIB,191.5,"Craig, Missouri",,,
Merschman Seeds M - 1408F - 15,221.7**,"Craig, Missouri",,,
Dekalb DKC62-98GENVT2PRIB,208.7*,"Craig, Missouri",,,
Dyna-Gro D52VC91,178.9,"Craig, Missouri",,,
NuTech/G2 Genetics 5F-709,214.3*,"Craig, Missouri",,,
Green Valley Seed GV8242VT2ProRIB,207.1*,"Craig, Missouri",,,
Midland 573PRW,185.9,"Craig, Missouri",,,
Midland 735PRW,200.7,"Craig, Missouri",,,
MFA MorCorn XP-603SmartStax,189.9,"Craig, Missouri",,,
ProHarvest 8330VT2P RIB,198.3,"Craig, Missouri",,,
FS InVISION FS 62SX1 RIB,189.8,"Craig, Missouri",,,
ProHarvest  8388VT2P RIB,207.1*,"Craig, Missouri",,,
NuTech/G2 Genetics 3F-814,206.0*,"Craig, Missouri",,,
Producers Hybrids 7414VT3PRIB,196.9,"Craig, Missouri",,,
Mycogen 2C799,194.9,"Craig, Missouri",,,
NuTech/G2 Genetics 5F-811,203.8,"Craig, Missouri",,,
Dekalb DKC64-69GENSSRIB,203.2,"Craig, Missouri",,,
Green Valley Seed GV8142VT2Pro,194.9,"Craig, Missouri",,,
AgriGold A6442STXRIB,198.5,"Craig, Missouri",,,
Golden Harvest G09E98-3000GT,189.2,"Craig, Missouri",,,
FS InVISION FS 64MX1 RIB,207.9*,"Craig, Missouri",,,
Channel 213-37 VT2PRIB Brand Blend,193.0,"Craig, Missouri",,,
NuTech/G2 Genetics 5H-216,212.7*,"Craig, Missouri",,,
NuTech/G2 Genetics 5F-113,210.1*,"Craig, Missouri",,,
NuTech/G2 Genetics 5H-806,184.5,"Craig, Missouri",,,
Merschman Seeds M - 1311R - 17,190.1,"Craig, Missouri",,,
Dekalb DKC57-75RIB,202.6,"Craig, Missouri",,,
MFA MorCorn MC4154VT2PRIB,203.7,"Craig, Missouri",,,
MFA MorCorn MC4354VT2PRIB,199.0,"Craig, Missouri",,,
Lewis R1312SS,200.2,"Craig, Missouri",,,
FS InVISION FS 61JX1 RIB,196.9,"Craig, Missouri",,,
Dyna-Gro D51VP32,196.2,"Craig, Missouri",,,
Golden Harvest G07F23-3111,179.6,"Craig, Missouri",,,
Mycogen 2C788,187.0,"Craig, Missouri",,,
Mycogen 2V709,188.3,"Craig, Missouri",,,
Dekalb DKC60-55GENDGVT2PRIB,196.8,"Craig, Missouri",,,
Producers Hybrids 7574VT3PRIB,190.5,"Craig, Missouri",,,
Midland 344PRW,193.4,"Craig, Missouri",,,
FS InVISION FS 60ZX1 RIB,188.6,"Craig, Missouri",,,
AgriGold A6472VT3PRIB,186.1,"Craig, Missouri",,,
Midland 653PRW,193.2,"Craig, Missouri",,,
FS InVISION FS 63SX1 RIB,190.4,"Craig, Missouri",,,
Lewis R1511SS,183.1,"Craig, Missouri",,,
Producers Hybrids 7213VT2RIB,182.9,"Craig, Missouri",,,
Dekalb DKC63-55GENDGVT2PRIB,181.5,"Craig, Missouri",,,
AgriGold A6458VT3PRIB,186.9,"Craig, Missouri",,,
ProHarvest 8110VT2P RIB,188.0,"Craig, Missouri",,,
Golden Acres G1518,185.0,"Craig, Missouri",,,
NuTech/G2 Genetics 5Z-707,181.8,"Craig, Missouri",,,
LG Seeds LG5579VT3PRIB,188.9,"Craig, Missouri",,,
MFA MorCorn XP-617SmartStax,187.1,"Craig, Missouri",,,
Mycogen 2V779,182.0,"Craig, Missouri",,,
Merschman Seeds M - 1409F - 17,178.4,"Craig, Missouri",,,
Merschman Seeds M - 1508P - 12,181.4,"Craig, Missouri",,,
Lewis R1414VT2P,257.1**,"Albany, Missouri",,,
Midland 714PRW,242.2,"Albany, Missouri",,,
MFA MorCorn XP-604DGVT2P,247.7*,"Albany, Missouri",,,
Midland 534PRW,245.5*,"Albany, Missouri",,,
Channel 213-57 VT2PRIB Brand Blend,250.2*,"Albany, Missouri",,,
Syngenta NK Seeds NK N74R-3000GT,240.6,"Albany, Missouri",,,
Producers Hybrids 7268STXRIB,244.9*,"Albany, Missouri",,,
Golden Acres G4598,240.2,"Albany, Missouri",,,
AgriGold A6559VT2RIB,245.5*,"Albany, Missouri",,,
Midland 594PR DG,238.0,"Albany, Missouri",,,
AgriGold A6499STXRIB,243.6*,"Albany, Missouri",,,
Golden Harvest G16K01-3111,241.7,"Albany, Missouri",,,
Golden Harvest G10S30-3110,228.6,"Albany, Missouri",,,
Channel 210-93 VT2PRIB Brand Blend,242.8,"Albany, Missouri",,,
Channel 217-07VT2PRIB Brand Blend,240.6,"Albany, Missouri",,,
Green Valley Seed GV8332VT2Pro,244.9*,"Albany, Missouri",,,
LG Seeds LG5618STXRIB,253.3*,"Albany, Missouri",,,
Merschman Seeds M - 1314D - 16,248.4*,"Albany, Missouri",,,
NuTech/G2 Genetics 5Z-111,226.9,"Albany, Missouri",,,
NuTech/G2 Genetics 3F-515,222.1,"Albany, Missouri",,,
Producers Hybrids 7633VT2RIBD1,233.8,"Albany, Missouri",,,
MFA MorCorn XP-605SmartStax,246.2*,"Albany, Missouri",,,
MFA MorCorn XP-606DGVT2P,228.1,"Albany, Missouri",,,
Channel 215-52 VT3PRIB Brand Blend,228.6,"Albany, Missouri",,,
Merschman Seeds M - 1413K - 16,234.0,"Albany, Missouri",,,
Midland 624PRW,227.1,"Albany, Missouri",,,
Producers Hybrids 7014VT3PRIB,232.5,"Albany, Missouri",,,
Dekalb DKC61-89GENVT2PRIB,244.1*,"Albany, Missouri",,,
Mycogen 2V717,229.8,"Albany, Missouri",,,
LG Seeds LG5622STX,230.3,"Albany, Missouri",,,
LG Seeds LG5607VT2PRIB,232.1,"Albany, Missouri",,,
Syngenta NK Seeds NK N70J-3011A,243.8*,"Albany, Missouri",,,
MFA MorCorn MC3859SmartStaxRIB,231.2,"Albany, Missouri",,,
Merschman Seeds M - 1212K - 17,235.3,"Albany, Missouri",,,
Merschman Seeds M - 1213F - 16,225.0,"Albany, Missouri",,,
AgriGold A6533VT3PRIB,228.6,"Albany, Missouri",,,
MFA MorCorn MC4344VT2PRIB,234.2,"Albany, Missouri",,,
Golden Acres G5621,218.1,"Albany, Missouri",,,
MFA MorCorn MC3544VT2PRIB,243.1,"Albany, Missouri",,,
Lewis R1409VT2P,238.9,"Albany, Missouri",,,
Dekalb DKC65-79GENSSRIB,220.9,"Albany, Missouri",,,
Merschman Seeds M - 1408F - 15,232.2,"Albany, Missouri",,,
Dekalb DKC62-98GENVT2PRIB,227.3,"Albany, Missouri",,,
Dyna-Gro D52VC91,230.2,"Albany, Missouri",,,
NuTech/G2 Genetics 5F-709,232.5,"Albany, Missouri",,,
Green Valley Seed GV8242VT2ProRIB,236.7,"Albany, Missouri",,,
Midland 573PRW,230.5,"Albany, Missouri",,,
Midland 735PRW,239.3,"Albany, Missouri",,,
MFA MorCorn XP-603SmartStax,228.2,"Albany, Missouri",,,
ProHarvest 8330VT2P RIB,227.8,"Albany, Missouri",,,
FS InVISION FS 62SX1 RIB,229.6,"Albany, Missouri",,,
ProHarvest  8388VT2P RIB,227.3,"Albany, Missouri",,,
NuTech/G2 Genetics 3F-814,234.3,"Albany, Missouri",,,
Producers Hybrids 7414VT3PRIB,230.4,"Albany, Missouri",,,
Mycogen 2C799,236.5,"Albany, Missouri",,,
NuTech/G2 Genetics 5F-811,217.7,"Albany, Missouri",,,
Dekalb DKC64-69GENSSRIB,224.0,"Albany, Missouri",,,
Green Valley Seed GV8142VT2Pro,224.8,"Albany, Missouri",,,
AgriGold A6442STXRIB,223.3,"Albany, Missouri",,,
Golden Harvest G09E98-3000GT,222.9,"Albany, Missouri",,,
FS InVISION FS 64MX1 RIB,229.7,"Albany, Missouri",,,
Channel 213-37 VT2PRIB Brand Blend,222.5,"Albany, Missouri",,,
NuTech/G2 Genetics 5H-216,251.4*,"Albany, Missouri",,,
NuTech/G2 Genetics 5F-113,232.9,"Albany, Missouri",,,
NuTech/G2 Genetics 5H-806,234.3,"Albany, Missouri",,,
Merschman Seeds M - 1311R - 17,229.0,"Albany, Missouri",,,
Dekalb DKC57-75RIB,223.3,"Albany, Missouri",,,
MFA MorCorn MC4154VT2PRIB,226.3,"Albany, Missouri",,,
MFA MorCorn MC4354VT2PRIB,205.7,"Albany, Missouri",,,
Lewis R1312SS,224.7,"Albany, Missouri",,,
FS InVISION FS 61JX1 RIB,230.7,"Albany, Missouri",,,
Dyna-Gro D51VP32,227.6,"Albany, Missouri",,,
Golden Harvest G07F23-3111,226.1,"Albany, Missouri",,,
Mycogen 2C788,227.6,"Albany, Missouri",,,
Mycogen 2V709,235.3,"Albany, Missouri",,,
Dekalb DKC60-55GENDGVT2PRIB,237.6,"Albany, Missouri",,,
Producers Hybrids 7574VT3PRIB,231.2,"Albany, Missouri",,,
Midland 344PRW,227.8,"Albany, Missouri",,,
FS InVISION FS 60ZX1 RIB,231.0,"Albany, Missouri",,,
AgriGold A6472VT3PRIB,234.1,"Albany, Missouri",,,
Midland 653PRW,219.7,"Albany, Missouri",,,
FS InVISION FS 63SX1 RIB,233.3,"Albany, Missouri",,,
Lewis R1511SS,236.4,"Albany, Missouri",,,
Producers Hybrids 7213VT2RIB,225.1,"Albany, Missouri",,,
Dekalb DKC63-55GENDGVT2PRIB,222.2,"Albany, Missouri",,,
AgriGold A6458VT3PRIB,236.2,"Albany, Missouri",,,
ProHarvest 8110VT2P RIB,223.5,"Albany, Missouri",,,
Golden Acres G1518,219.7,"Albany, Missouri",,,
NuTech/G2 Genetics 5Z-707,226.7,"Albany, Missouri",,,
LG Seeds LG5579VT3PRIB,237.4,"Albany, Missouri",,,
MFA MorCorn XP-617SmartStax,226.5,"Albany, Missouri",,,
Mycogen 2V779,220.3,"Albany, Missouri",,,
Merschman Seeds M - 1409F - 17,237.7,"Albany, Missouri",,,
Merschman Seeds M - 1508P - 12,212.6,"Albany, Missouri",,,
Lewis R1414VT2P,218.0*,"Mooresville, Missouri",,,
Midland 714PRW,217.4*,"Mooresville, Missouri",,,
MFA MorCorn XP-604DGVT2P,208.9*,"Mooresville, Missouri",,,
Midland 534PRW,204.0*,"Mooresville, Missouri",,,
Channel 213-57 VT2PRIB Brand Blend,194.2,"Mooresville, Missouri",,,
Syngenta NK Seeds NK N74R-3000GT,228.7**,"Mooresville, Missouri",,,
Producers Hybrids 7268STXRIB,202.6*,"Mooresville, Missouri",,,
Golden Acres G4598,215.6*,"Mooresville, Missouri",,,
AgriGold A6559VT2RIB,192.7,"Mooresville, Missouri",,,
Midland 594PR DG,207.4*,"Mooresville, Missouri",,,
AgriGold A6499STXRIB,196.0,"Mooresville, Missouri",,,
Golden Harvest G16K01-3111,205.3*,"Mooresville, Missouri",,,
Golden Harvest G10S30-3110,219.1*,"Mooresville, Missouri",,,
Channel 210-93 VT2PRIB Brand Blend,212.2*,"Mooresville, Missouri",,,
Channel 217-07VT2PRIB Brand Blend,197.1,"Mooresville, Missouri",,,
Green Valley Seed GV8332VT2Pro,204.1*,"Mooresville, Missouri",,,
LG Seeds LG5618STXRIB,179.5,"Mooresville, Missouri",,,
Merschman Seeds M - 1314D - 16,180.1,"Mooresville, Missouri",,,
NuTech/G2 Genetics 5Z-111,211.3*,"Mooresville, Missouri",,,
NuTech/G2 Genetics 3F-515,218.1*,"Mooresville, Missouri",,,
Producers Hybrids 7633VT2RIBD1,201.5*,"Mooresville, Missouri",,,
MFA MorCorn XP-605SmartStax,185.9,"Mooresville, Missouri",,,
MFA MorCorn XP-606DGVT2P,193.5,"Mooresville, Missouri",,,
Channel 215-52 VT3PRIB Brand Blend,210.9*,"Mooresville, Missouri",,,
Merschman Seeds M - 1413K - 16,196.8,"Mooresville, Missouri",,,
Midland 624PRW,195.4,"Mooresville, Missouri",,,
Producers Hybrids 7014VT3PRIB,211.4*,"Mooresville, Missouri",,,
Dekalb DKC61-89GENVT2PRIB,185.2,"Mooresville, Missouri",,,
Mycogen 2V717,215.0*,"Mooresville, Missouri",,,
LG Seeds LG5622STX,200.0*,"Mooresville, Missouri",,,
LG Seeds LG5607VT2PRIB,197.9,"Mooresville, Missouri",,,
Syngenta NK Seeds NK N70J-3011A,200.4*,"Mooresville, Missouri",,,
MFA MorCorn MC3859SmartStaxRIB,200.9*,"Mooresville, Missouri",,,
Merschman Seeds M - 1212K - 17,174.2,"Mooresville, Missouri",,,
Merschman Seeds M - 1213F - 16,215.1*,"Mooresville, Missouri",,,
AgriGold A6533VT3PRIB,203.6*,"Mooresville, Missouri",,,
MFA MorCorn MC4344VT2PRIB,175.9,"Mooresville, Missouri",,,
Golden Acres G5621,198.7,"Mooresville, Missouri",,,
MFA MorCorn MC3544VT2PRIB,173.2,"Mooresville, Missouri",,,
Lewis R1409VT2P,171.0,"Mooresville, Missouri",,,
Dekalb DKC65-79GENSSRIB,219.3*,"Mooresville, Missouri",,,
Merschman Seeds M - 1408F - 15,177.8,"Mooresville, Missouri",,,
Dekalb DKC62-98GENVT2PRIB,187.7,"Mooresville, Missouri",,,
Dyna-Gro D52VC91,195.6,"Mooresville, Missouri",,,
NuTech/G2 Genetics 5F-709,174.9,"Mooresville, Missouri",,,
Green Valley Seed GV8242VT2ProRIB,184.5,"Mooresville, Missouri",,,
Midland 573PRW,193.1,"Mooresville, Missouri",,,
Midland 735PRW,167.5,"Mooresville, Missouri",,,
MFA MorCorn XP-603SmartStax,188.0,"Mooresville, Missouri",,,
ProHarvest 8330VT2P RIB,194.9,"Mooresville, Missouri",,,
FS InVISION FS 62SX1 RIB,205.8*,"Mooresville, Missouri",,,
ProHarvest  8388VT2P RIB,187.6,"Mooresville, Missouri",,,
NuTech/G2 Genetics 3F-814,183.7,"Mooresville, Missouri",,,
Producers Hybrids 7414VT3PRIB,187.4,"Mooresville, Missouri",,,
Mycogen 2C799,183.3,"Mooresville, Missouri",,,
NuTech/G2 Genetics 5F-811,200.5*,"Mooresville, Missouri",,,
Dekalb DKC64-69GENSSRIB,191.4,"Mooresville, Missouri",,,
Green Valley Seed GV8142VT2Pro,187.3,"Mooresville, Missouri",,,
AgriGold A6442STXRIB,199.5,"Mooresville, Missouri",,,
Golden Harvest G09E98-3000GT,192.6,"Mooresville, Missouri",,,
FS InVISION FS 64MX1 RIB,165.5,"Mooresville, Missouri",,,
Channel 213-37 VT2PRIB Brand Blend,207.1*,"Mooresville, Missouri",,,
NuTech/G2 Genetics 5H-216,153.1,"Mooresville, Missouri",,,
NuTech/G2 Genetics 5F-113,171.0,"Mooresville, Missouri",,,
NuTech/G2 Genetics 5H-806,197.7,"Mooresville, Missouri",,,
Merschman Seeds M - 1311R - 17,185.4,"Mooresville, Missouri",,,
Dekalb DKC57-75RIB,192.5,"Mooresville, Missouri",,,
MFA MorCorn MC4154VT2PRIB,181.4,"Mooresville, Missouri",,,
MFA MorCorn MC4354VT2PRIB,191.9,"Mooresville, Missouri",,,
Lewis R1312SS,197.0,"Mooresville, Missouri",,,
FS InVISION FS 61JX1 RIB,177.2,"Mooresville, Missouri",,,
Dyna-Gro D51VP32,166.0,"Mooresville, Missouri",,,
Golden Harvest G07F23-3111,210.0*,"Mooresville, Missouri",,,
Mycogen 2C788,208.6*,"Mooresville, Missouri",,,
Mycogen 2V709,202.5*,"Mooresville, Missouri",,,
Dekalb DKC60-55GENDGVT2PRIB,171.6,"Mooresville, Missouri",,,
Producers Hybrids 7574VT3PRIB,175.7,"Mooresville, Missouri",,,
Midland 344PRW,177.8,"Mooresville, Missouri",,,
FS InVISION FS 60ZX1 RIB,197.0,"Mooresville, Missouri",,,
AgriGold A6472VT3PRIB,168.7,"Mooresville, Missouri",,,
Midland 653PRW,192.4,"Mooresville, Missouri",,,
FS InVISION FS 63SX1 RIB,172.3,"Mooresville, Missouri",,,
Lewis R1511SS,177.9,"Mooresville, Missouri",,,
Producers Hybrids 7213VT2RIB,181.4,"Mooresville, Missouri",,,
Dekalb DKC63-55GENDGVT2PRIB,207.0*,"Mooresville, Missouri",,,
AgriGold A6458VT3PRIB,173.9,"Mooresville, Missouri",,,
ProHarvest 8110VT2P RIB,177.7,"Mooresville, Missouri",,,
Golden Acres G1518,181.2,"Mooresville, Missouri",,,
NuTech/G2 Genetics 5Z-707,186.8,"Mooresville, Missouri",,,
LG Seeds LG5579VT3PRIB,160.7,"Mooresville, Missouri",,,
MFA MorCorn XP-617SmartStax,162.3,"Mooresville, Missouri",,,
Mycogen 2V779,184.9,"Mooresville, Missouri",,,
Merschman Seeds M - 1409F - 17,129.4,"Mooresville, Missouri",,,
Merschman Seeds M - 1508P - 12,164.5,"Mooresville, Missouri",,,
Lewis R1414VT2P,267.5*,"Canton, Missouri",,,
Midland 714PRW,262.0*,"Canton, Missouri",,,
MFA MorCorn XP-604DGVT2P,257.3*,"Canton, Missouri",,,
Midland 534PRW,270.2**,"Canton, Missouri",,,
Channel 213-57 VT2PRIB Brand Blend,257.8*,"Canton, Missouri",,,
Syngenta NK Seeds NK N74R-3000GT,237.1,"Canton, Missouri",,,
Producers Hybrids 7268STXRIB,254.6,"Canton, Missouri",,,
Golden Acres G4598,235.1,"Canton, Missouri",,,
AgriGold A6559VT2RIB,252.8,"Canton, Missouri",,,
Midland 594PR DG,248.7,"Canton, Missouri",,,
AgriGold A6499STXRIB,248.5,"Canton, Missouri",,,
Golden Harvest G16K01-3111,245.7,"Canton, Missouri",,,
Golden Harvest G10S30-3110,239.6,"Canton, Missouri",,,
Channel 210-93 VT2PRIB Brand Blend,248.5,"Canton, Missouri",,,
Channel 217-07VT2PRIB Brand Blend,258.9*,"Canton, Missouri",,,
Green Valley Seed GV8332VT2Pro,243.6,"Canton, Missouri",,,
LG Seeds LG5618STXRIB,252.3,"Canton, Missouri",,,
Merschman Seeds M - 1314D - 16,247.4,"Canton, Missouri",,,
NuTech/G2 Genetics 5Z-111,256.4*,"Canton, Missouri",,,
NuTech/G2 Genetics 3F-515,252.8,"Canton, Missouri",,,
Producers Hybrids 7633VT2RIBD1,246.2,"Canton, Missouri",,,
MFA MorCorn XP-605SmartStax,243.5,"Canton, Missouri",,,
MFA MorCorn XP-606DGVT2P,247.4,"Canton, Missouri",,,
Channel 215-52 VT3PRIB Brand Blend,237.5,"Canton, Missouri",,,
Merschman Seeds M - 1413K - 16,244.8,"Canton, Missouri",,,
Midland 624PRW,241.6,"Canton, Missouri",,,
Producers Hybrids 7014VT3PRIB,233.2,"Canton, Missouri",,,
Dekalb DKC61-89GENVT2PRIB,250.7,"Canton, Missouri",,,
Mycogen 2V717,235.1,"Canton, Missouri",,,
LG Seeds LG5622STX,238.9,"Canton, Missouri",,,
LG Seeds LG5607VT2PRIB,251.0,"Canton, Missouri",,,
Syngenta NK Seeds NK N70J-3011A,244.7,"Canton, Missouri",,,
MFA MorCorn MC3859SmartStaxRIB,236.9,"Canton, Missouri",,,
Merschman Seeds M - 1212K - 17,256.5*,"Canton, Missouri",,,
Merschman Seeds M - 1213F - 16,243.5,"Canton, Missouri",,,
AgriGold A6533VT3PRIB,243.6,"Canton, Missouri",,,
MFA MorCorn MC4344VT2PRIB,250.1,"Canton, Missouri",,,
Golden Acres G5621,256.8*,"Canton, Missouri",,,
MFA MorCorn MC3544VT2PRIB,248.8,"Canton, Missouri",,,
Lewis R1409VT2P,248.2,"Canton, Missouri",,,
Dekalb DKC65-79GENSSRIB,231.4,"Canton, Missouri",,,
Merschman Seeds M - 1408F - 15,230.4,"Canton, Missouri",,,
Dekalb DKC62-98GENVT2PRIB,237.7,"Canton, Missouri",,,
Dyna-Gro D52VC91,256.1*,"Canton, Missouri",,,
NuTech/G2 Genetics 5F-709,238.5,"Canton, Missouri",,,
Green Valley Seed GV8242VT2ProRIB,231.5,"Canton, Missouri",,,
Midland 573PRW,250.4,"Canton, Missouri",,,
Midland 735PRW,251.7,"Canton, Missouri",,,
MFA MorCorn XP-603SmartStax,252.4,"Canton, Missouri",,,
ProHarvest 8330VT2P RIB,237.6,"Canton, Missouri",,,
FS InVISION FS 62SX1 RIB,233.0,"Canton, Missouri",,,
ProHarvest  8388VT2P RIB,235.8,"Canton, Missouri",,,
NuTech/G2 Genetics 3F-814,233.1,"Canton, Missouri",,,
Producers Hybrids 7414VT3PRIB,240.2,"Canton, Missouri",,,
Mycogen 2C799,239.5,"Canton, Missouri",,,
NuTech/G2 Genetics 5F-811,231.9,"Canton, Missouri",,,
Dekalb DKC64-69GENSSRIB,234.6,"Canton, Missouri",,,
Green Valley Seed GV8142VT2Pro,246.4,"Canton, Missouri",,,
AgriGold A6442STXRIB,231.5,"Canton, Missouri",,,
Golden Harvest G09E98-3000GT,247.3,"Canton, Missouri",,,
FS InVISION FS 64MX1 RIB,248.5,"Canton, Missouri",,,
Channel 213-37 VT2PRIB Brand Blend,228.6,"Canton, Missouri",,,
NuTech/G2 Genetics 5H-216,233.8,"Canton, Missouri",,,
NuTech/G2 Genetics 5F-113,236.7,"Canton, Missouri",,,
NuTech/G2 Genetics 5H-806,232.2,"Canton, Missouri",,,
Merschman Seeds M - 1311R - 17,241.9,"Canton, Missouri",,,
Dekalb DKC57-75RIB,227.7,"Canton, Missouri",,,
MFA MorCorn MC4154VT2PRIB,234.1,"Canton, Missouri",,,
MFA MorCorn MC4354VT2PRIB,248.9,"Canton, Missouri",,,
Lewis R1312SS,222.6,"Canton, Missouri",,,
FS InVISION FS 61JX1 RIB,237.2,"Canton, Missouri",,,
Dyna-Gro D51VP32,251.8,"Canton, Missouri",,,
Golden Harvest G07F23-3111,225.5,"Canton, Missouri",,,
Mycogen 2C788,218.0,"Canton, Missouri",,,
Mycogen 2V709,214.4,"Canton, Missouri",,,
Dekalb DKC60-55GENDGVT2PRIB,234.1,"Canton, Missouri",,,
Producers Hybrids 7574VT3PRIB,242.9,"Canton, Missouri",,,
Midland 344PRW,238.7,"Canton, Missouri",,,
FS InVISION FS 60ZX1 RIB,220.3,"Canton, Missouri",,,
AgriGold A6472VT3PRIB,247.6,"Canton, Missouri",,,
Midland 653PRW,229.4,"Canton, Missouri",,,
FS InVISION FS 63SX1 RIB,236.5,"Canton, Missouri",,,
Lewis R1511SS,233.3,"Canton, Missouri",,,
Producers Hybrids 7213VT2RIB,241.2,"Canton, Missouri",,,
Dekalb DKC63-55GENDGVT2PRIB,218.8,"Canton, Missouri",,,
AgriGold A6458VT3PRIB,231.5,"Canton, Missouri",,,
ProHarvest 8110VT2P RIB,233.4,"Canton, Missouri",,,
Golden Acres G1518,232.0,"Canton, Missouri",,,
NuTech/G2 Genetics 5Z-707,220.5,"Canton, Missouri",,,
LG Seeds LG5579VT3PRIB,218.7,"Canton, Missouri",,,
MFA MorCorn XP-617SmartStax,229.4,"Canton, Missouri",,,
Mycogen 2V779,206.2,"Canton, Missouri",,,
Merschman Seeds M - 1409F - 17,240.3,"Canton, Missouri",,,
Merschman Seeds M - 1508P - 12,211.6,"Canton, Missouri",,,
Midland 714PRW,273.6**,"Columbia, Missouri",,,
Midland 624PRW,254.3*,"Columbia, Missouri",,,
Lewis R1414VT2P,248.2,"Columbia, Missouri",,,
Midland 735PRW,243.3,"Columbia, Missouri",,,
Dekalb DKC65-79GENSSRIB,239.0,"Columbia, Missouri",,,
Dekalb DKC62-98GENVT2PRIB,241.5,"Columbia, Missouri",,,
Golden Harvest G16K01-3111,245.6,"Columbia, Missouri",,,
Syngenta NK Seeds NK N74R-3000GT,249.2,"Columbia, Missouri",,,
Dekalb DKC61-89GENVT2PRIB,239.3,"Columbia, Missouri",,,
NuTech/G2 Genetics 5H-216,245.7,"Columbia, Missouri",,,
NuTech/G2 Genetics 5Z-510,242.5,"Columbia, Missouri",,,
NuTech/G2 Genetics 3F-515,246.9,"Columbia, Missouri",,,
Channel 210-93 VT2PRIB Brand Blend,231.9,"Columbia, Missouri",,,
FS InVISION FS 61JX1 RIB,235.8,"Columbia, Missouri",,,
Midland 534PRW,232.5,"Columbia, Missouri",,,
AgriGold A6559STXRIB,234.3,"Columbia, Missouri",,,
Dekalb DKC63-55GENDGVT2PRIB,230.9,"Columbia, Missouri",,,
NuTech/G2 Genetics 5F-811,238.1,"Columbia, Missouri",,,
AgriGold A6472VT3PRIB,228.7,"Columbia, Missouri",,,
AgriGold A6553VT3PRIB,214.8,"Columbia, Missouri",,,
AgriGold A6573VT3PRIB,215.3,"Columbia, Missouri",,,
Channel 213-57 VT2PRIB Brand Blend,222.8,"Columbia, Missouri",,,
AgriGold A6533VT3PRIB,231.4,"Columbia, Missouri",,,
NuTech/G2 Genetics 5Z-713,224.7,"Columbia, Missouri",,,
Dyna-Gro D55VP77,247.3,"Columbia, Missouri",,,
NuTech/G2 Genetics 3F-814,231.6,"Columbia, Missouri",,,
Channel 217-07VT2PRIB Brand Blend,218.1,"Columbia, Missouri",,,
Channel 213-37 VT2PRIB Brand Blend,225.4,"Columbia, Missouri",,,
Golden Harvest G10S30-3110,212.0,"Columbia, Missouri",,,
Midland 653PRW,228.0,"Columbia, Missouri",,,
FS InVISION FS 62SX1 RIB,229.1,"Columbia, Missouri",,,
Syngenta NK Seeds NK N70J-3011A,234.1,"Columbia, Missouri",,,
Midland 573PRW,215.2,"Columbia, Missouri",,,
USA Seeds USA 1141VT2PRIB,222.1,"Columbia, Missouri",,,
Dekalb DKC67-57GENVT3PRIB,211.5,"Columbia, Missouri",,,
Golden Harvest G07F23-3111,212.1,"Columbia, Missouri",,,
USA Seeds USA 1081,196.2,"Columbia, Missouri",,,
FS InVISION FS 60ZX1 RIB,214.0,"Columbia, Missouri",,,
Channel 215-52 VT3PRIB Brand Blend,201.0,"Columbia, Missouri",,,
FS InVISION FS 64MX1 RIB,210.8,"Columbia, Missouri",,,
NuTech/G2 Genetics 5Z-111,203.0,"Columbia, Missouri",,,
Lewis R1312SS,210.1,"Columbia, Missouri",,,
NuTech/G2 Genetics 5F-513,216.3,"Columbia, Missouri",,,
FS InVISION FS 63SX1 RIB,219.5,"Columbia, Missouri",,,
FS InVISION FS 65SV4 RIB,230.8,"Columbia, Missouri",,,
AgriGold A6499STXRIB,219.1,"Columbia, Missouri",,,
Dekalb DKC64-69GENSSRIB,218.3,"Columbia, Missouri",,,
Dekalb DKC62-08GENSSRIB,190.4,"Columbia, Missouri",,,
Midland 714PRW,266.2*,"Laddonia, Missouri",,,
Midland 624PRW,272.6**,"Laddonia, Missouri",,,
Lewis R1414VT2P,269.1*,"Laddonia, Missouri",,,
Midland 735PRW,267.3*,"Laddonia, Missouri",,,
Dekalb DKC65-79GENSSRIB,268.7*,"Laddonia, Missouri",,,
Dekalb DKC62-98GENVT2PRIB,257.7*,"Laddonia, Missouri",,,
Golden Harvest G16K01-3111,252.5*,"Laddonia, Missouri",,,
Syngenta NK Seeds NK N74R-3000GT,248.5*,"Laddonia, Missouri",,,
Dekalb DKC61-89GENVT2PRIB,255.7*,"Laddonia, Missouri",,,
NuTech/G2 Genetics 5H-216,248.2*,"Laddonia, Missouri",,,
NuTech/G2 Genetics 5Z-510,245.3*,"Laddonia, Missouri",,,
NuTech/G2 Genetics 3F-515,237.2,"Laddonia, Missouri",,,
Channel 210-93 VT2PRIB Brand Blend,248.2*,"Laddonia, Missouri",,,
FS InVISION FS 61JX1 RIB,241.5,"Laddonia, Missouri",,,
Midland 534PRW,243.6*,"Laddonia, Missouri",,,
AgriGold A6559STXRIB,241.4,"Laddonia, Missouri",,,
Dekalb DKC63-55GENDGVT2PRIB,244.8*,"Laddonia, Missouri",,,
NuTech/G2 Genetics 5F-811,236.4,"Laddonia, Missouri",,,
AgriGold A6472VT3PRIB,245.3*,"Laddonia, Missouri",,,
AgriGold A6553VT3PRIB,253.2*,"Laddonia, Missouri",,,
AgriGold A6573VT3PRIB,251.7*,"Laddonia, Missouri",,,
Channel 213-57 VT2PRIB Brand Blend,243.6*,"Laddonia, Missouri",,,
AgriGold A6533VT3PRIB,234.7,"Laddonia, Missouri",,,
NuTech/G2 Genetics 5Z-713,240.4,"Laddonia, Missouri",,,
Dyna-Gro D55VP77,213.8,"Laddonia, Missouri",,,
NuTech/G2 Genetics 3F-814,228.0,"Laddonia, Missouri",,,
Channel 217-07VT2PRIB Brand Blend,240.7,"Laddonia, Missouri",,,
Channel 213-37 VT2PRIB Brand Blend,233.3,"Laddonia, Missouri",,,
Golden Harvest G10S30-3110,244.9*,"Laddonia, Missouri",,,
Midland 653PRW,226.6,"Laddonia, Missouri",,,
FS InVISION FS 62SX1 RIB,224.6,"Laddonia, Missouri",,,
Syngenta NK Seeds NK N70J-3011A,219.0,"Laddonia, Missouri",,,
Midland 573PRW,236.7,"Laddonia, Missouri",,,
USA Seeds USA 1141VT2PRIB,229.1,"Laddonia, Missouri",,,
Dekalb DKC67-57GENVT3PRIB,234.4,"Laddonia, Missouri",,,
Golden Harvest G07F23-3111,231.8,"Laddonia, Missouri",,,
USA Seeds USA 1081,244.5*,"Laddonia, Missouri",,,
FS InVISION FS 60ZX1 RIB,225.6,"Laddonia, Missouri",,,
Channel 215-52 VT3PRIB Brand Blend,236.5,"Laddonia, Missouri",,,
FS InVISION FS 64MX1 RIB,224.9,"Laddonia, Missouri",,,
NuTech/G2 Genetics 5Z-111,231.9,"Laddonia, Missouri",,,
Lewis R1312SS,223.8,"Laddonia, Missouri",,,
NuTech/G2 Genetics 5F-513,217.6,"Laddonia, Missouri",,,
FS InVISION FS 63SX1 RIB,210.0,"Laddonia, Missouri",,,
FS InVISION FS 65SV4 RIB,197.2,"Laddonia, Missouri",,,
AgriGold A6499STXRIB,203.2,"Laddonia, Missouri",,,
Dekalb DKC64-69GENSSRIB,200.5,"Laddonia, Missouri",,,
Dekalb DKC62-08GENSSRIB,197.5,"Laddonia, Missouri",,,
Dyna-Gro D57VP51,315.5*,"Oran, Missouri",,,
Beck XL 6626AM TM,306.6*,"Oran, Missouri",,,
REV 28HR20,319.0*,"Oran, Missouri",,,
AgriGold A6659VT2RIB,308.4*,"Oran, Missouri",,,
B-H Genetics BH 8732VTTP,321.1**,"Oran, Missouri",,,
MFA MorCorn XP-604DGVT2P,307.1*,"Oran, Missouri",,,
B-H Genetics BH 8660VTTP,300.0,"Oran, Missouri",,,
Syngenta NK Seeds NK N82V-3111,318.4*,"Oran, Missouri",,,
REV 24BHR93,303.7*,"Oran, Missouri",,,
Augusta A7767VT3Pro,298.2,"Oran, Missouri",,,
REV 26BHR50,310.1*,"Oran, Missouri",,,
Stone Seed Group 6362RIB,299.1,"Oran, Missouri",,,
LG Seeds LG5701VT2PRIB,297.1,"Oran, Missouri",,,
REV 23BHR55,309.0*,"Oran, Missouri",,,
Augusta A7768GT3110PV500,298.0,"Oran, Missouri",,,
MFA MorCorn XP-608VT3P,308.6*,"Oran, Missouri",,,
LG Seeds LG5638VT2PRIB,299.0,"Oran, Missouri",,,
Syngenta NK Seeds NK N78S-3111,297.9,"Oran, Missouri",,,
Mycogen X13728VX,305.2*,"Oran, Missouri",,,
Armor 1555,300.3,"Oran, Missouri",,,
Beck Phonex 6542A4,298.6,"Oran, Missouri",,,
AgriGold A6574STX,301.0,"Oran, Missouri",,,
Merschman Seeds M - 1413M - 15,306.6*,"Oran, Missouri",,,
Progeny PGY 5115VT2P,315.5*,"Oran, Missouri",,,
REV 27HR83,302.0*,"Oran, Missouri",,,
Dyna-Gro D55VP77,294.2,"Oran, Missouri",,,
Augusta A8868VT3Pro,294.3,"Oran, Missouri",,,
AgriGold A6687VT2PRO,296.8,"Oran, Missouri",,,
REV 25BHR44,309.8*,"Oran, Missouri",,,
MFA MorCorn XP-606DGVT2P,299.9,"Oran, Missouri",,,
B-H Genetics BH 8735VT2P,307.1*,"Oran, Missouri",,,
AgriGold A6501VT2RIB,298.4,"Oran, Missouri",,,
AgriGold A6499STXRIB,296.9,"Oran, Missouri",,,
Merschman Seeds M - 1413K - 16,306.3*,"Oran, Missouri",,,
Sun Prairie Seeds SP 2708VT2PRO,304.4*,"Oran, Missouri",,,
Armor AXC3117,301.4,"Oran, Missouri",,,
Sun Prairie Seeds SP 2818,294.3,"Oran, Missouri",,,
FS InVISION FS 63SX1 RIB,299.4,"Oran, Missouri",,,
Syngenta NK Seeds NK N83D-3000GT,289.8,"Oran, Missouri",,,
LG Seeds LG5618STXRIB,294.2,"Oran, Missouri",,,
MFA MorCorn MC4354VT2PRIB,290.1,"Oran, Missouri",,,
AgriGold A6573VT3PRIB,295.3,"Oran, Missouri",,,
Stone Seed Group 6612RIB,294.4,"Oran, Missouri",,,
Stone Seed Group 6142RIB,296.9,"Oran, Missouri",,,
Syngenta NK Seeds NK N79T-3111,284.7,"Oran, Missouri",,,
B-H Genetics BH 8650VTTP,288.1,"Oran, Missouri",,,
Delta Grow DG 2888 GTCBLLVIP,298.3,"Oran, Missouri",,,
Armor 1330,296.3,"Oran, Missouri",,,
Sun Prairie Seeds SP 2843VT2PRO,285.4,"Oran, Missouri",,,
Progeny PGY 4115VT2P,292.8,"Oran, Missouri",,,
Dyna-Gro D52VC91,290.2,"Oran, Missouri",,,
Merschman Seeds M - 1314D - 16,295.0,"Oran, Missouri",,,
B-H Genetics BH 8700SS,280.9,"Oran, Missouri",,,
FS InVISION FS 66JV4 RIB,278.2,"Oran, Missouri",,,
Syngenta NK Seeds NK N79Z-3111,288.6,"Oran, Missouri",,,
Stone Seed Group 6432RIB,291.0,"Oran, Missouri",,,
Masters Choice MC 6460,277.0,"Oran, Missouri",,,
Armor AXC4114W,291.1,"Oran, Missouri",,,
Merschman Seeds M - 1015A - 4,281.5,"Oran, Missouri",,,
MFA MorCorn XP-610VT2P,296.0,"Oran, Missouri",,,
LG Seeds LG5717VT2PRIB,288.6,"Oran, Missouri",,,
MFA MorCorn MC4344VT2PRIB,298.3,"Oran, Missouri",,,
MFA MorCorn XP-607VT3P,279.6,"Oran, Missouri",,,
Progeny PGY 4114VT2P,283.6,"Oran, Missouri",,,
Progeny PGY EXP14SS,297.5,"Oran, Missouri",,,
Progeny PGY 4117VT3P,287.2,"Oran, Missouri",,,
MFA MorCorn XP-609RR2,278.1,"Oran, Missouri",,,
Dekalb DKC65-79GENSSRIB,281.1,"Oran, Missouri",,,
REV 28R10,287.5,"Oran, Missouri",,,
Beck XL 5828AM TM,293.3,"Oran, Missouri",,,
Armor 1880,283.6,"Oran, Missouri",,,
Stone Seed Group 6512RIB,288.0,"Oran, Missouri",,,
Armor 1262,288.5,"Oran, Missouri",,,
Beck EX 8361GT,284.7,"Oran, Missouri",,,
AgriGold A6533VT3PRIB,272.1,"Oran, Missouri",,,
Beck 6948A3,272.4,"Oran, Missouri",,,
REV 22BHR43,290.2,"Oran, Missouri",,,
Armor AXT3111,284.1,"Oran, Missouri",,,
AgriGold A6719VT2PRO,281.3,"Oran, Missouri",,,
FS InVISION FS 65SV4 RIB,280.6,"Oran, Missouri",,,
Warren Seed DS 9217SSX,285.3,"Oran, Missouri",,,
Augusta A5565VT2Pro,288.2,"Oran, Missouri",,,
Dyna-Gro D54DC94,274.8,"Oran, Missouri",,,
Beck 5509VR,277.1,"Oran, Missouri",,,
Armor AXT4116,280.4,"Oran, Missouri",,,
AgriGold A6517VT3PRIB,277.5,"Oran, Missouri",,,
Masters Choice MC 630,280.5,"Oran, Missouri",,,
Warren Seed DS 11509SSX,280.7,"Oran, Missouri",,,
Mycogen X13826S2,285.0,"Oran, Missouri",,,
Armor AXT4113,287.8,"Oran, Missouri",,,
Masters Choice MC 6750,271.8,"Oran, Missouri",,,
Armor 0700,278.7,"Oran, Missouri",,,
Delta Grow DG 3660 GTCBLLVIP,263.6,"Oran, Missouri",,,
Stone Seed Group 6052RIB,284.7,"Oran, Missouri",,,
Armor 1616,266.2,"Oran, Missouri",,,
Mycogen 2J794,270.0,"Oran, Missouri",,,
Armor 1550,278.1,"Oran, Missouri",,,
REV 18BHR84,285.1,"Oran, Missouri",,,
Pfister Seeds 2728RA,277.9,"Oran, Missouri",,,
FS InVISION FS 64MX1 RIB,286.4,"Oran, Missouri",,,
FS InVISION FS 62SX1 RIB,275.3,"Oran, Missouri",,,
AgriGold A6559VT2RIB,283.4,"Oran, Missouri",,,
Warren Seed DS 9610,271.9,"Oran, Missouri",,,
Warren Seed DS 9713SSX,279.1,"Oran, Missouri",,,
Merschman Seeds M - 1311R - 17,276.1,"Oran, Missouri",,,
Merschman Seeds M - 1213F - 16,282.7,"Oran, Missouri",,,
Armor AXC2108,275.8,"Oran, Missouri",,,
Warren Seed DS 9111SSX,272.7,"Oran, Missouri",,,
Mycogen 2Y767,271.8,"Oran, Missouri",,,
Warren Seed DS 9311SSX,265.5,"Oran, Missouri",,,
FS InVISION FS 61JX1 RIB,266.3,"Oran, Missouri",,,
AgriGold A6472VT3PRIB,270.4,"Oran, Missouri",,,
Augusta A8064VT2ProRIB,275.4,"Oran, Missouri",,,
Merschman Seeds M - 1412M - 16,277.7,"Oran, Missouri",,,
Dekalb DKC62-98GENVT2PRIB,255.8,"Oran, Missouri",,,
REV 17HR73,272.6,"Oran, Missouri",,,
Warren Seed DS 9314SSX,268.9,"Oran, Missouri",,,
Warren Seed DS 9212SSX,276.9,"Oran, Missouri",,,
Masters Choice  MC 6020,269.3,"Oran, Missouri",,,
Armor 1314,273.7,"Oran, Missouri",,,
Mycogen 2V714,263.0,"Oran, Missouri",,,
FS InVISION FS 60ZX1 RIB,244.2,"Oran, Missouri",,,
Merschman Seeds M - 1508P - 12,231.4,"Oran, Missouri",,,
Dyna-Gro D57VP51,301.2*,"Port.Loam, Missouri",,,
Beck XL 6626AM TM,302.8**,"Port.Loam, Missouri",,,
REV 28HR20,290.0*,"Port.Loam, Missouri",,,
AgriGold A6659VT2RIB,298.6*,"Port.Loam, Missouri",,,
B-H Genetics BH 8732VTTP,284.4,"Port.Loam, Missouri",,,
MFA MorCorn XP-604DGVT2P,295.0*,"Port.Loam, Missouri",,,
B-H Genetics BH 8660VTTP,301.4*,"Port.Loam, Missouri",,,
Syngenta NK Seeds NK N82V-3111,281.8,"Port.Loam, Missouri",,,
REV 24BHR93,293.5*,"Port.Loam, Missouri",,,
Augusta A7767VT3Pro,298.8*,"Port.Loam, Missouri",,,
REV 26BHR50,286.6*,"Port.Loam, Missouri",,,
Stone Seed Group 6362RIB,297.2*,"Port.Loam, Missouri",,,
LG Seeds LG5701VT2PRIB,298.2*,"Port.Loam, Missouri",,,
REV 23BHR55,284.9,"Port.Loam, Missouri",,,
Augusta A7768GT3110PV500,295.7*,"Port.Loam, Missouri",,,
MFA MorCorn XP-608VT3P,284.4,"Port.Loam, Missouri",,,
LG Seeds LG5638VT2PRIB,293.1*,"Port.Loam, Missouri",,,
Syngenta NK Seeds NK N78S-3111,292.5*,"Port.Loam, Missouri",,,
Mycogen X13728VX,284.9,"Port.Loam, Missouri",,,
Armor 1555,289.0*,"Port.Loam, Missouri",,,
Beck Phonex 6542A4,289.5*,"Port.Loam, Missouri",,,
AgriGold A6574STX,286.8*,"Port.Loam, Missouri",,,
Merschman Seeds M - 1413M - 15,279.0,"Port.Loam, Missouri",,,
Progeny PGY 5115VT2P,270.1,"Port.Loam, Missouri",,,
REV 27HR83,283.5,"Port.Loam, Missouri",,,
Dyna-Gro D55VP77,290.9*,"Port.Loam, Missouri",,,
Augusta A8868VT3Pro,289.4*,"Port.Loam, Missouri",,,
AgriGold A6687VT2PRO,285.9,"Port.Loam, Missouri",,,
REV 25BHR44,272.9,"Port.Loam, Missouri",,,
MFA MorCorn XP-606DGVT2P,282.1,"Port.Loam, Missouri",,,
B-H Genetics BH 8735VT2P,274.7,"Port.Loam, Missouri",,,
AgriGold A6501VT2RIB,282.6,"Port.Loam, Missouri",,,
AgriGold A6499STXRIB,283.9,"Port.Loam, Missouri",,,
Merschman Seeds M - 1413K - 16,273.6,"Port.Loam, Missouri",,,
Sun Prairie Seeds SP 2708VT2PRO,274.5,"Port.Loam, Missouri",,,
Armor AXC3117,277.3,"Port.Loam, Missouri",,,
Sun Prairie Seeds SP 2818,283.7,"Port.Loam, Missouri",,,
FS InVISION FS 63SX1 RIB,278.3,"Port.Loam, Missouri",,,
Syngenta NK Seeds NK N83D-3000GT,287.7*,"Port.Loam, Missouri",,,
LG Seeds LG5618STXRIB,282.5,"Port.Loam, Missouri",,,
MFA MorCorn MC4354VT2PRIB,285.4,"Port.Loam, Missouri",,,
AgriGold A6573VT3PRIB,279.2,"Port.Loam, Missouri",,,
Stone Seed Group 6612RIB,279.5,"Port.Loam, Missouri",,,
Stone Seed Group 6142RIB,276.1,"Port.Loam, Missouri",,,
Syngenta NK Seeds NK N79T-3111,287.8*,"Port.Loam, Missouri",,,
B-H Genetics BH 8650VTTP,283.2,"Port.Loam, Missouri",,,
Delta Grow DG 2888 GTCBLLVIP,270.8,"Port.Loam, Missouri",,,
Armor 1330,271.9,"Port.Loam, Missouri",,,
Sun Prairie Seeds SP 2843VT2PRO,282.2,"Port.Loam, Missouri",,,
Progeny PGY 4115VT2P,274.6,"Port.Loam, Missouri",,,
Dyna-Gro D52VC91,276.7,"Port.Loam, Missouri",,,
Merschman Seeds M - 1314D - 16,271.3,"Port.Loam, Missouri",,,
B-H Genetics BH 8700SS,284.6,"Port.Loam, Missouri",,,
FS InVISION FS 66JV4 RIB,286.9*,"Port.Loam, Missouri",,,
Syngenta NK Seeds NK N79Z-3111,276.3,"Port.Loam, Missouri",,,
Stone Seed Group 6432RIB,273.7,"Port.Loam, Missouri",,,
Masters Choice MC 6460,286.4*,"Port.Loam, Missouri",,,
Armor AXC4114W,272.2,"Port.Loam, Missouri",,,
Merschman Seeds M - 1015A - 4,281.7,"Port.Loam, Missouri",,,
MFA MorCorn XP-610VT2P,267.0,"Port.Loam, Missouri",,,
LG Seeds LG5717VT2PRIB,273.5,"Port.Loam, Missouri",,,
MFA MorCorn MC4344VT2PRIB,262.4,"Port.Loam, Missouri",,,
MFA MorCorn XP-607VT3P,280.5,"Port.Loam, Missouri",,,
Progeny PGY 4114VT2P,276.3,"Port.Loam, Missouri",,,
Progeny PGY EXP14SS,261.4,"Port.Loam, Missouri",,,
Progeny PGY 4117VT3P,271.4,"Port.Loam, Missouri",,,
MFA MorCorn XP-609RR2,280.0,"Port.Loam, Missouri",,,
Dekalb DKC65-79GENSSRIB,276.5,"Port.Loam, Missouri",,,
REV 28R10,269.8,"Port.Loam, Missouri",,,
Beck XL 5828AM TM,263.3,"Port.Loam, Missouri",,,
Armor 1880,272.6,"Port.Loam, Missouri",,,
Stone Seed Group 6512RIB,267.2,"Port.Loam, Missouri",,,
Armor 1262,266.5,"Port.Loam, Missouri",,,
Beck EX 8361GT,270.4,"Port.Loam, Missouri",,,
AgriGold A6533VT3PRIB,282.3,"Port.Loam, Missouri",,,
Beck 6948A3,282.0,"Port.Loam, Missouri",,,
REV 22BHR43,263.8,"Port.Loam, Missouri",,,
Armor AXT3111,269.0,"Port.Loam, Missouri",,,
AgriGold A6719VT2PRO,271.4,"Port.Loam, Missouri",,,
FS InVISION FS 65SV4 RIB,271.9,"Port.Loam, Missouri",,,
Warren Seed DS 9217SSX,266.8,"Port.Loam, Missouri",,,
Augusta A5565VT2Pro,262.6,"Port.Loam, Missouri",,,
Dyna-Gro D54DC94,275.9,"Port.Loam, Missouri",,,
Beck 5509VR,273.0,"Port.Loam, Missouri",,,
Armor AXT4116,269.3,"Port.Loam, Missouri",,,
AgriGold A6517VT3PRIB,271.5,"Port.Loam, Missouri",,,
Masters Choice MC 630,267.9,"Port.Loam, Missouri",,,
Warren Seed DS 11509SSX,267.1,"Port.Loam, Missouri",,,
Mycogen X13826S2,260.1,"Port.Loam, Missouri",,,
Armor AXT4113,257.0,"Port.Loam, Missouri",,,
Masters Choice MC 6750,272.3,"Port.Loam, Missouri",,,
Armor 0700,264.5,"Port.Loam, Missouri",,,
Delta Grow DG 3660 GTCBLLVIP,279.7,"Port.Loam, Missouri",,,
Stone Seed Group 6052RIB,258.0,"Port.Loam, Missouri",,,
Armor 1616,276.3,"Port.Loam, Missouri",,,
Mycogen 2J794,272.4,"Port.Loam, Missouri",,,
Armor 1550,263.0,"Port.Loam, Missouri",,,
REV 18BHR84,255.5,"Port.Loam, Missouri",,,
Pfister Seeds 2728RA,261.7,"Port.Loam, Missouri",,,
FS InVISION FS 64MX1 RIB,251.7,"Port.Loam, Missouri",,,
FS InVISION FS 62SX1 RIB,260.0,"Port.Loam, Missouri",,,
AgriGold A6559VT2RIB,250.8,"Port.Loam, Missouri",,,
Warren Seed DS 9610,262.3,"Port.Loam, Missouri",,,
Warren Seed DS 9713SSX,254.3,"Port.Loam, Missouri",,,
Merschman Seeds M - 1311R - 17,257.0,"Port.Loam, Missouri",,,
Merschman Seeds M - 1213F - 16,249.0,"Port.Loam, Missouri",,,
Armor AXC2108,255.6,"Port.Loam, Missouri",,,
Warren Seed DS 9111SSX,257.2,"Port.Loam, Missouri",,,
Mycogen 2Y767,256.8,"Port.Loam, Missouri",,,
Warren Seed DS 9311SSX,263.0,"Port.Loam, Missouri",,,
FS InVISION FS 61JX1 RIB,261.4,"Port.Loam, Missouri",,,
AgriGold A6472VT3PRIB,257.0,"Port.Loam, Missouri",,,
Augusta A8064VT2ProRIB,251.8,"Port.Loam, Missouri",,,
Merschman Seeds M - 1412M - 16,249.1,"Port.Loam, Missouri",,,
Dekalb DKC62-98GENVT2PRIB,267.0,"Port.Loam, Missouri",,,
REV 17HR73,248.0,"Port.Loam, Missouri",,,
Warren Seed DS 9314SSX,250.4,"Port.Loam, Missouri",,,
Warren Seed DS 9212SSX,239.3,"Port.Loam, Missouri",,,
Masters Choice  MC 6020,241.9,"Port.Loam, Missouri",,,
Armor 1314,235.6,"Port.Loam, Missouri",,,
Mycogen 2V714,241.5,"Port.Loam, Missouri",,,
FS InVISION FS 60ZX1 RIB,243.2,"Port.Loam, Missouri",,,
Merschman Seeds M - 1508P - 12,214.1,"Port.Loam, Missouri",,,
Dyna-Gro D57VP51,308.3**,"Port.Loam, Missouri",,,
Beck XL 6626AM TM,304.7*,"Port.Loam, Missouri",,,
REV 28HR20,304.5*,"Port.Loam, Missouri",,,
AgriGold A6659VT2RIB,303.5*,"Port.Loam, Missouri",,,
B-H Genetics BH 8732VTTP,302.7*,"Port.Loam, Missouri",,,
MFA MorCorn XP-604DGVT2P,301.0*,"Port.Loam, Missouri",,,
B-H Genetics BH 8660VTTP,300.7*,"Port.Loam, Missouri",,,
Syngenta NK Seeds NK N82V-3111,300.1*,"Port.Loam, Missouri",,,
REV 24BHR93,298.6*,"Port.Loam, Missouri",,,
Augusta A7767VT3Pro,298.5*,"Port.Loam, Missouri",,,
REV 26BHR50,298.3*,"Port.Loam, Missouri",,,
Stone Seed Group 6362RIB,298.1*,"Port.Loam, Missouri",,,
LG Seeds LG5701VT2PRIB,297.6*,"Port.Loam, Missouri",,,
REV 23BHR55,296.9*,"Port.Loam, Missouri",,,
Augusta A7768GT3110PV500,296.8*,"Port.Loam, Missouri",,,
MFA MorCorn XP-608VT3P,296.5*,"Port.Loam, Missouri",,,
LG Seeds LG5638VT2PRIB,296.0,"Port.Loam, Missouri",,,
Syngenta NK Seeds NK N78S-3111,295.2,"Port.Loam, Missouri",,,
Mycogen X13728VX,295.0,"Port.Loam, Missouri",,,
Armor 1555,294.6,"Port.Loam, Missouri",,,
Beck Phonex 6542A4,294.0,"Port.Loam, Missouri",,,
AgriGold A6574STX,293.9,"Port.Loam, Missouri",,,
Merschman Seeds M - 1413M - 15,292.8,"Port.Loam, Missouri",,,
Progeny PGY 5115VT2P,292.8,"Port.Loam, Missouri",,,
REV 27HR83,292.7,"Port.Loam, Missouri",,,
Dyna-Gro D55VP77,292.5,"Port.Loam, Missouri",,,
Augusta A8868VT3Pro,291.8,"Port.Loam, Missouri",,,
AgriGold A6687VT2PRO,291.3,"Port.Loam, Missouri",,,
REV 25BHR44,291.3,"Port.Loam, Missouri",,,
MFA MorCorn XP-606DGVT2P,291.0,"Port.Loam, Missouri",,,
B-H Genetics BH 8735VT2P,290.9,"Port.Loam, Missouri",,,
AgriGold A6501VT2RIB,290.5,"Port.Loam, Missouri",,,
AgriGold A6499STXRIB,290.4,"Port.Loam, Missouri",,,
Merschman Seeds M - 1413K - 16,289.9,"Port.Loam, Missouri",,,
Sun Prairie Seeds SP 2708VT2PRO,289.4,"Port.Loam, Missouri",,,
Armor AXC3117,289.3,"Port.Loam, Missouri",,,
Sun Prairie Seeds SP 2818,289.0,"Port.Loam, Missouri",,,
FS InVISION FS 63SX1 RIB,288.8,"Port.Loam, Missouri",,,
Syngenta NK Seeds NK N83D-3000GT,288.7,"Port.Loam, Missouri",,,
LG Seeds LG5618STXRIB,288.3,"Port.Loam, Missouri",,,
MFA MorCorn MC4354VT2PRIB,287.7,"Port.Loam, Missouri",,,
AgriGold A6573VT3PRIB,287.2,"Port.Loam, Missouri",,,
Stone Seed Group 6612RIB,286.9,"Port.Loam, Missouri",,,
Stone Seed Group 6142RIB,286.5,"Port.Loam, Missouri",,,
Syngenta NK Seeds NK N79T-3111,286.2,"Port.Loam, Missouri",,,
B-H Genetics BH 8650VTTP,285.6,"Port.Loam, Missouri",,,
Delta Grow DG 2888 GTCBLLVIP,284.5,"Port.Loam, Missouri",,,
Armor 1330,284.1,"Port.Loam, Missouri",,,
Sun Prairie Seeds SP 2843VT2PRO,283.8,"Port.Loam, Missouri",,,
Progeny PGY 4115VT2P,283.7,"Port.Loam, Missouri",,,
Dyna-Gro D52VC91,283.4,"Port.Loam, Missouri",,,
Merschman Seeds M - 1314D - 16,283.1,"Port.Loam, Missouri",,,
B-H Genetics BH 8700SS,282.7,"Port.Loam, Missouri",,,
FS InVISION FS 66JV4 RIB,282.5,"Port.Loam, Missouri",,,
Syngenta NK Seeds NK N79Z-3111,282.4,"Port.Loam, Missouri",,,
Stone Seed Group 6432RIB,282.3,"Port.Loam, Missouri",,,
Masters Choice MC 6460,281.7,"Port.Loam, Missouri",,,
Armor AXC4114W,281.6,"Port.Loam, Missouri",,,
Merschman Seeds M - 1015A - 4,281.6,"Port.Loam, Missouri",,,
MFA MorCorn XP-610VT2P,281.5,"Port.Loam, Missouri",,,
LG Seeds LG5717VT2PRIB,281.0,"Port.Loam, Missouri",,,
MFA MorCorn MC4344VT2PRIB,280.3,"Port.Loam, Missouri",,,
MFA MorCorn XP-607VT3P,280.0,"Port.Loam, Missouri",,,
Progeny PGY 4114VT2P,279.9,"Port.Loam, Missouri",,,
Progeny PGY EXP14SS,279.4,"Port.Loam, Missouri",,,
Progeny PGY 4117VT3P,279.3,"Port.Loam, Missouri",,,
MFA MorCorn XP-609RR2,279.0,"Port.Loam, Missouri",,,
Dekalb DKC65-79GENSSRIB,278.8,"Port.Loam, Missouri",,,
REV 28R10,278.6,"Port.Loam, Missouri",,,
Beck XL 5828AM TM,278.3,"Port.Loam, Missouri",,,
Armor 1880,278.1,"Port.Loam, Missouri",,,
Stone Seed Group 6512RIB,277.6,"Port.Loam, Missouri",,,
Armor 1262,277.5,"Port.Loam, Missouri",,,
Beck EX 8361GT,277.5,"Port.Loam, Missouri",,,
AgriGold A6533VT3PRIB,277.2,"Port.Loam, Missouri",,,
Beck 6948A3,277.2,"Port.Loam, Missouri",,,
REV 22BHR43,277.0,"Port.Loam, Missouri",,,
Armor AXT3111,276.5,"Port.Loam, Missouri",,,
AgriGold A6719VT2PRO,276.3,"Port.Loam, Missouri",,,
FS InVISION FS 65SV4 RIB,276.2,"Port.Loam, Missouri",,,
Warren Seed DS 9217SSX,276.0,"Port.Loam, Missouri",,,
Augusta A5565VT2Pro,275.4,"Port.Loam, Missouri",,,
Dyna-Gro D54DC94,275.3,"Port.Loam, Missouri",,,
Beck 5509VR,275.0,"Port.Loam, Missouri",,,
Armor AXT4116,274.8,"Port.Loam, Missouri",,,
AgriGold A6517VT3PRIB,274.5,"Port.Loam, Missouri",,,
Masters Choice MC 630,274.2,"Port.Loam, Missouri",,,
Warren Seed DS 11509SSX,273.9,"Port.Loam, Missouri",,,
Mycogen X13826S2,272.5,"Port.Loam, Missouri",,,
Armor AXT4113,272.4,"Port.Loam, Missouri",,,
Masters Choice MC 6750,272.0,"Port.Loam, Missouri",,,
Armor 0700,271.6,"Port.Loam, Missouri",,,
Delta Grow DG 3660 GTCBLLVIP,271.6,"Port.Loam, Missouri",,,
Stone Seed Group 6052RIB,271.3,"Port.Loam, Missouri",,,
Armor 1616,271.2,"Port.Loam, Missouri",,,
Mycogen 2J794,271.2,"Port.Loam, Missouri",,,
Armor 1550,270.5,"Port.Loam, Missouri",,,
REV 18BHR84,270.3,"Port.Loam, Missouri",,,
Pfister Seeds 2728RA,269.8,"Port.Loam, Missouri",,,
FS InVISION FS 64MX1 RIB,269.0,"Port.Loam, Missouri",,,
FS InVISION FS 62SX1 RIB,267.6,"Port.Loam, Missouri",,,
AgriGold A6559VT2RIB,267.1,"Port.Loam, Missouri",,,
Warren Seed DS 9610,267.1,"Port.Loam, Missouri",,,
Warren Seed DS 9713SSX,266.7,"Port.Loam, Missouri",,,
Merschman Seeds M - 1311R - 17,266.5,"Port.Loam, Missouri",,,
Merschman Seeds M - 1213F - 16,265.8,"Port.Loam, Missouri",,,
Armor AXC2108,265.7,"Port.Loam, Missouri",,,
Warren Seed DS 9111SSX,264.9,"Port.Loam, Missouri",,,
Mycogen 2Y767,264.3,"Port.Loam, Missouri",,,
Warren Seed DS 9311SSX,264.2,"Port.Loam, Missouri",,,
FS InVISION FS 61JX1 RIB,263.8,"Port.Loam, Missouri",,,
AgriGold A6472VT3PRIB,263.7,"Port.Loam, Missouri",,,
Augusta A8064VT2ProRIB,263.6,"Port.Loam, Missouri",,,
Merschman Seeds M - 1412M - 16,263.4,"Port.Loam, Missouri",,,
Dekalb DKC62-98GENVT2PRIB,261.4,"Port.Loam, Missouri",,,
REV 17HR73,260.3,"Port.Loam, Missouri",,,
Warren Seed DS 9314SSX,259.6,"Port.Loam, Missouri",,,
Warren Seed DS 9212SSX,258.1,"Port.Loam, Missouri",,,
Masters Choice  MC 6020,255.6,"Port.Loam, Missouri",,,
Armor 1314,254.6,"Port.Loam, Missouri",,,
Mycogen 2V714,252.2,"Port.Loam, Missouri",,,
FS InVISION FS 60ZX1 RIB,243.7,"Port.Loam, Missouri",,,
Merschman Seeds M - 1508P - 12,222.7,"Port.Loam, Missouri",,,
AgriGold A6499STXRIB,200.9*,"Adrian, Missouri",,,
Lewis R1414VT2P,212.4**,"Adrian, Missouri",,,
LG Seeds LG5618STXRIB,191.6*,"Adrian, Missouri",,,
Producers Hybrids 7633VT2RIBD1,192.6*,"Adrian, Missouri",,,
Dekalb DKC64-69GENSSRIB,190.1*,"Adrian, Missouri",,,
Syngenta NK Seeds NK N74R-3000GT,193.4*,"Adrian, Missouri",,,
Dekalb DKC67-57GENVT3PRIB,201.0*,"Adrian, Missouri",,,
Golden Harvest G10S30-3110,193.1*,"Adrian, Missouri",,,
Midland 714PRW,207.9*,"Adrian, Missouri",,,
Midland 573PRW,193.6*,"Adrian, Missouri",,,
Hoegemeyer HPT 8239AM,194.4*,"Adrian, Missouri",,,
Golden Harvest G16K01-3111,178.9,"Adrian, Missouri",,,
Producers Hybrids 7213VT2RIB,201.2*,"Adrian, Missouri",,,
AgriGold A6553VT3PRIB,184.1,"Adrian, Missouri",,,
Golden Harvest G07F23-3111,182.0,"Adrian, Missouri",,,
Producers Hybrids 7414VT3PRIB,190.6*,"Adrian, Missouri",,,
AgriGold A6559STXRIB,182.8,"Adrian, Missouri",,,
LG Seeds LG2620VT3PRIB,180.3,"Adrian, Missouri",,,
AgriGold A6458VT3PRIB,178.9,"Adrian, Missouri",,,
Hoegemeyer HPT 8066AM,182.0,"Adrian, Missouri",,,
Midland 534PRW,182.1,"Adrian, Missouri",,,
Midland 624PRW,198.3*,"Adrian, Missouri",,,
Dekalb DKC62-08GENSSRIB,175.9,"Adrian, Missouri",,,
Dekalb DKC61-89GENVT2PRIB,194.2*,"Adrian, Missouri",,,
AgriGold A6533VT3PRIB,185.2,"Adrian, Missouri",,,
LG Seeds LG2636VT3PRIB,194.0*,"Adrian, Missouri",,,
Producers Hybrids 7014VT3PRIB,174.1,"Adrian, Missouri",,,
Midland 735PRW,193.6*,"Adrian, Missouri",,,
Producers Hybrids 7268STXRIB,191.7*,"Adrian, Missouri",,,
Lewis R1409VT2P,190.1*,"Adrian, Missouri",,,
AgriGold A6408VT3PRIB,187.3,"Adrian, Missouri",,,
Dekalb DKC62-98GENVT2PRIB,167.0,"Adrian, Missouri",,,
Producers Hybrids 7574VT3PRIB,198.1*,"Adrian, Missouri",,,
Dekalb DKC63-55GENDGVT2PRIB,160.5,"Adrian, Missouri",,,
Hoegemeyer HPT 8363AM,191.3*,"Adrian, Missouri",,,
Midland 653PRW,179.3,"Adrian, Missouri",,,
Hoegemeyer HPT 8408AM,179.7,"Adrian, Missouri",,,
Dekalb DKC65-79GENSSRIB,167.4,"Adrian, Missouri",,,
Hoegemeyer HPT 8652AM,175.4,"Adrian, Missouri",,,
AgriGold A6499STXRIB,159.3*,"Harrisonville, Missouri",,,
Lewis R1414VT2P,151.1*,"Harrisonville, Missouri",,,
LG Seeds LG5618STXRIB,163.1*,"Harrisonville, Missouri",,,
Producers Hybrids 7633VT2RIBD1,156.7*,"Harrisonville, Missouri",,,
Dekalb DKC64-69GENSSRIB,161.0*,"Harrisonville, Missouri",,,
Syngenta NK Seeds NK N74R-3000GT,134.8,"Harrisonville, Missouri",,,
Dekalb DKC67-57GENVT3PRIB,142.1*,"Harrisonville, Missouri",,,
Golden Harvest G10S30-3110,151.5*,"Harrisonville, Missouri",,,
Midland 714PRW,120.0,"Harrisonville, Missouri",,,
Midland 573PRW,144.7*,"Harrisonville, Missouri",,,
Hoegemeyer HPT 8239AM,132.8,"Harrisonville, Missouri",,,
Golden Harvest G16K01-3111,151.5*,"Harrisonville, Missouri",,,
Producers Hybrids 7213VT2RIB,138.8,"Harrisonville, Missouri",,,
AgriGold A6553VT3PRIB,157.6*,"Harrisonville, Missouri",,,
Golden Harvest G07F23-3111,165.3**,"Harrisonville, Missouri",,,
Producers Hybrids 7414VT3PRIB,139.9,"Harrisonville, Missouri",,,
AgriGold A6559STXRIB,142.7*,"Harrisonville, Missouri",,,
LG Seeds LG2620VT3PRIB,147.2*,"Harrisonville, Missouri",,,
AgriGold A6458VT3PRIB,145.4*,"Harrisonville, Missouri",,,
Hoegemeyer HPT 8066AM,147.5*,"Harrisonville, Missouri",,,
Midland 534PRW,142.2*,"Harrisonville, Missouri",,,
Midland 624PRW,132.5,"Harrisonville, Missouri",,,
Dekalb DKC62-08GENSSRIB,140.3*,"Harrisonville, Missouri",,,
Dekalb DKC61-89GENVT2PRIB,131.3,"Harrisonville, Missouri",,,
AgriGold A6533VT3PRIB,130.4,"Harrisonville, Missouri",,,
LG Seeds LG2636VT3PRIB,128.7,"Harrisonville, Missouri",,,
Producers Hybrids 7014VT3PRIB,144.0*,"Harrisonville, Missouri",,,
Midland 735PRW,138.4,"Harrisonville, Missouri",,,
Producers Hybrids 7268STXRIB,124.0,"Harrisonville, Missouri",,,
Lewis R1409VT2P,134.1,"Harrisonville, Missouri",,,
AgriGold A6408VT3PRIB,151.0*,"Harrisonville, Missouri",,,
Dekalb DKC62-98GENVT2PRIB,148.8*,"Harrisonville, Missouri",,,
Producers Hybrids 7574VT3PRIB,117.2,"Harrisonville, Missouri",,,
Dekalb DKC63-55GENDGVT2PRIB,146.2*,"Harrisonville, Missouri",,,
Hoegemeyer HPT 8363AM,114.3,"Harrisonville, Missouri",,,
Midland 653PRW,126.4,"Harrisonville, Missouri",,,
Hoegemeyer HPT 8408AM,103.7,"Harrisonville, Missouri",,,
Dekalb DKC65-79GENSSRIB,128.6,"Harrisonville, Missouri",,,
Hoegemeyer HPT 8652AM,108.6,"Harrisonville, Missouri",,,
AgriGold A6499STXRIB,184.4*,"Lamar, Missouri",,,
Lewis R1414VT2P,167.5,"Lamar, Missouri",,,
LG Seeds LG5618STXRIB,174.0*,"Lamar, Missouri",,,
Producers Hybrids 7633VT2RIBD1,176.6*,"Lamar, Missouri",,,
Dekalb DKC64-69GENSSRIB,173.0*,"Lamar, Missouri",,,
Syngenta NK Seeds NK N74R-3000GT,186.4*,"Lamar, Missouri",,,
Dekalb DKC67-57GENVT3PRIB,171.2*,"Lamar, Missouri",,,
Golden Harvest G10S30-3110,169.6,"Lamar, Missouri",,,
Midland 714PRW,185.7*,"Lamar, Missouri",,,
Midland 573PRW,173.2*,"Lamar, Missouri",,,
Hoegemeyer HPT 8239AM,182.8*,"Lamar, Missouri",,,
Golden Harvest G16K01-3111,179.2*,"Lamar, Missouri",,,
Producers Hybrids 7213VT2RIB,167.0,"Lamar, Missouri",,,
AgriGold A6553VT3PRIB,164.0,"Lamar, Missouri",,,
Golden Harvest G07F23-3111,156.7,"Lamar, Missouri",,,
Producers Hybrids 7414VT3PRIB,173.2*,"Lamar, Missouri",,,
AgriGold A6559STXRIB,176.7*,"Lamar, Missouri",,,
LG Seeds LG2620VT3PRIB,173.5*,"Lamar, Missouri",,,
AgriGold A6458VT3PRIB,174.9*,"Lamar, Missouri",,,
Hoegemeyer HPT 8066AM,169.9,"Lamar, Missouri",,,
Midland 534PRW,174.6*,"Lamar, Missouri",,,
Midland 624PRW,167.5,"Lamar, Missouri",,,
Dekalb DKC62-08GENSSRIB,181.6*,"Lamar, Missouri",,,
Dekalb DKC61-89GENVT2PRIB,171.6*,"Lamar, Missouri",,,
AgriGold A6533VT3PRIB,180.9*,"Lamar, Missouri",,,
LG Seeds LG2636VT3PRIB,171.7*,"Lamar, Missouri",,,
Producers Hybrids 7014VT3PRIB,174.8*,"Lamar, Missouri",,,
Midland 735PRW,160.4,"Lamar, Missouri",,,
Producers Hybrids 7268STXRIB,175.6*,"Lamar, Missouri",,,
Lewis R1409VT2P,166.1,"Lamar, Missouri",,,
AgriGold A6408VT3PRIB,151.0,"Lamar, Missouri",,,
Dekalb DKC62-98GENVT2PRIB,172.0*,"Lamar, Missouri",,,
Producers Hybrids 7574VT3PRIB,170.8,"Lamar, Missouri",,,
Dekalb DKC63-55GENDGVT2PRIB,172.1*,"Lamar, Missouri",,,
Hoegemeyer HPT 8363AM,169.8,"Lamar, Missouri",,,
Midland 653PRW,169.3,"Lamar, Missouri",,,
Hoegemeyer HPT 8408AM,190.9**,"Lamar, Missouri",,,
Dekalb DKC65-79GENSSRIB,170.1,"Lamar, Missouri",,,
Hoegemeyer HPT 8652AM,151.7,"Lamar, Missouri",,,
